match_id,year,stage,home_team,away_team,home_score,away_score,home_rank,away_rank,result,home_gdp,home_pop,away_gdp,away_pop
0,1930,Group Stage,France,Mexico,4.0,1.0,2.0,13.0,1,300590640000.0,41610000.0,38351775000.0,17175000.0
17,1930,Final,Uruguay,Argentina,4.0,2.0,3.0,1.0,1,10192350000.0,1713000.0,77359688000.0,11896000.0
16,1930,Semifinals,Uruguay,Yugoslavia,6.0,1.0,3.0,5.0,1,10192350000.0,1713000.0,27877545000.0,14407000.0
15,1930,Semifinals,Argentina,United States,6.0,1.0,1.0,7.0,1,77359688000.0,11896000.0,1322627043286.0654,123668000.0
14,1930,Group Stage,Paraguay,Belgium,1.0,0.0,3.0,9.0,1,2629770485.6895413,880000.0,64091136000.0,8076000.0
13,1930,Group Stage,United States,Paraguay,3.0,0.0,7.0,3.0,1,1322627043286.0654,123668000.0,2629770485.6895413,880000.0
11,1930,Group Stage,Uruguay,Romania,4.0,0.0,3.0,11.0,1,10192350000.0,1713000.0,21705323727.79055,14141000.0
10,1930,Group Stage,Uruguay,Peru,1.0,0.0,3.0,8.0,1,10192350000.0,1713000.0,14527480000.0,5480000.0
9,1930,Group Stage,Romania,Peru,3.0,1.0,11.0,8.0,1,21705323727.79055,14141000.0,14527480000.0,5480000.0
12,1930,Group Stage,United States,Belgium,3.0,0.0,7.0,9.0,1,1322627043286.0654,123668000.0,64091136000.0,8076000.0
7,1930,Group Stage,Yugoslavia,Bolivia,4.0,0.0,5.0,12.0,1,27877545000.0,14407000.0,5467557000.0,2397000.0
6,1930,Group Stage,Yugoslavia,Brazil,2.0,1.0,5.0,10.0,1,27877545000.0,14407000.0,45316800000.0,33568000.0
5,1930,Group Stage,Argentina,Chile,3.0,1.0,1.0,6.0,1,77359688000.0,11896000.0,20801016000.0,4266000.0
4,1930,Group Stage,Argentina,Mexico,6.0,3.0,1.0,13.0,1,77359688000.0,11896000.0,38351775000.0,17175000.0
3,1930,Group Stage,Chile,France,1.0,0.0,6.0,2.0,1,20801016000.0,4266000.0,300590640000.0,41610000.0
2,1930,Group Stage,Chile,Mexico,3.0,0.0,6.0,13.0,1,20801016000.0,4266000.0,38351775000.0,17175000.0
1,1930,Group Stage,Argentina,France,1.0,0.0,1.0,2.0,1,77359688000.0,11896000.0,300590640000.0,41610000.0
8,1930,Group Stage,Brazil,Bolivia,4.0,0.0,10.0,12.0,1,45316800000.0,33568000.0,5467557000.0,2397000.0
27,1934,Quarterfinals,Italy,Spain,1.0,1.0,2.0,17.0,0,187987338000.0,42093000.0,91986588995.592,24349000.0
34,1934,Final,Italy,Czechoslovakia,2.0,1.0,2.0,3.0,1,187987338000.0,42093000.0,25087600428.857567,6784743.916045448
33,1934,Third Place Match,Germany,Austria,3.0,2.0,5.0,16.0,1,408415350000.0,66409000.0,30730960000.0,6760000.0
31,1934,Semifinals,Italy,Austria,1.0,0.0,2.0,16.0,1,187987338000.0,42093000.0,30730960000.0,6760000.0
30,1934,Quarterfinals,Italy,Spain,1.0,0.0,2.0,17.0,1,187987338000.0,42093000.0,91986588995.592,24349000.0
29,1934,Quarterfinals,Czechoslovakia,Switzerland,3.0,2.0,3.0,19.0,1,25087600428.857567,6784743.916045448,41389138502.53705,4140000.0
28,1934,Quarterfinals,Germany,Sweden,2.0,1.0,5.0,18.0,1,408415350000.0,66409000.0,42589590000.0,6222000.0
26,1934,Quarterfinals,Austria,Hungary,2.0,1.0,16.0,20.0,1,30730960000.0,6760000.0,33695982000.0,8919000.0
32,1934,Semifinals,Czechoslovakia,Germany,3.0,1.0,3.0,5.0,1,25087600428.857567,6784743.916045448,408415350000.0,66409000.0
24,1934,Round of 16,Austria,France,3.0,2.0,16.0,14.0,1,30730960000.0,6760000.0,280309900000.0,41950000.0
23,1934,Round of 16,Sweden,Argentina,3.0,2.0,18.0,1.0,1,42589590000.0,6222000.0,78659586000.0,12834000.0
22,1934,Round of 16,Czechoslovakia,Romania,2.0,1.0,3.0,13.0,1,25087600428.857567,6784743.916045448,21439196719.61544,14924000.0
21,1934,Round of 16,Italy,United States,7.0,1.0,2.0,4.0,1,187987338000.0,42093000.0,1100529988766.7131,126978000.0
20,1934,Round of 16,Switzerland,Netherlands,3.0,2.0,19.0,7.0,1,41389138502.53705,4140000.0,63883719000.0,8341000.0
19,1934,Round of 16,Hungary,Egypt,4.0,2.0,20.0,7.0,1,33695982000.0,8919000.0,77498795308.04881,42725137.13638404
18,1934,Round of 16,Spain,Brazil,3.0,1.0,17.0,6.0,1,91986588995.592,24349000.0,53550284000.0,36404000.0
25,1934,Round of 16,Germany,Belgium,5.0,2.0,5.0,22.0,1,408415350000.0,66409000.0,60899202000.0,8262000.0
46,1938,Quarterfinals,Sweden,Cuba,8.0,0.0,16.0,24.0,1,49192164000.0,6297000.0,9161532000.0,4428000.0
47,1938,Quarterfinals,Italy,France,3.0,1.0,1.0,25.0,1,216270039000.0,43419000.0,298713240000.0,41960000.0
48,1938,Quarterfinals,Brazil,Czechoslovakia,1.0,1.0,17.0,4.0,0,64865640000.0,39480000.0,28607073328.45036,7073823.590538029
52,1938,Third Place Match,Brazil,Sweden,4.0,2.0,17.0,16.0,1,64865640000.0,39480000.0,49192164000.0,6297000.0
50,1938,Semifinals,Hungary,Sweden,5.0,1.0,6.0,16.0,1,38794744000.0,9167000.0,49192164000.0,6297000.0
51,1938,Semifinals,Italy,Brazil,2.0,1.0,1.0,17.0,1,216270039000.0,43419000.0,64865640000.0,39480000.0
53,1938,Final,Italy,Hungary,4.0,2.0,1.0,6.0,1,216270039000.0,43419000.0,38794744000.0,9167000.0
49,1938,Quarterfinals,Brazil,Czechoslovakia,2.0,1.0,17.0,4.0,1,64865640000.0,39480000.0,28607073328.45036,7073823.590538029
44,1938,Round of 16,Cuba,Romania,2.0,1.0,24.0,23.0,1,9161532000.0,4428000.0,25016933836.739594,15601000.0
45,1938,Quarterfinals,Hungary,Switzerland,2.0,0.0,6.0,21.0,1,38794744000.0,9167000.0,40279125522.24823,4192000.0
42,1938,Round of 16,Czechoslovakia,Netherlands,3.0,0.0,4.0,20.0,1,28607073328.45036,7073823.590538029,72676080000.0,8685000.0
41,1938,Round of 16,Brazil,Poland,6.0,5.0,17.0,8.0,1,64865640000.0,39480000.0,108033636000.0,31062000.0
40,1938,Round of 16,Italy,Norway,2.0,1.0,1.0,8.0,1,216270039000.0,43419000.0,19947184000.0,2936000.0
39,1938,Round of 16,France,Belgium,3.0,1.0,25.0,27.0,1,298713240000.0,41960000.0,64496548000.0,8374000.0
38,1938,Round of 16,Cuba,Romania,3.0,3.0,24.0,23.0,0,9161532000.0,4428000.0,25016933836.739594,15601000.0
37,1938,Round of 16,Sweden,Austria,,,16.0,7.0,0,49192164000.0,6297000.0,38309769000.0,6753000.0
36,1938,Round of 16,Hungary,Dutch East Indies,6.0,0.0,6.0,8.0,1,38794744000.0,9167000.0,118306020000.0,71484000.0
35,1938,Round of 16,Switzerland,Germany,1.0,1.0,21.0,3.0,0,40279125522.24823,4192000.0,545721680000.0,68558000.0
43,1938,Round of 16,Switzerland,Germany,4.0,2.0,21.0,3.0,1,40279125522.24823,4192000.0,545721680000.0,68558000.0
67,1950,Group Stage,Sweden,Paraguay,2.0,2.0,17.0,18.0,0,75344388000.0,7014000.0,3528324579.0,1475669.0
68,1950,Group Stage,Italy,Paraguay,2.0,0.0,1.0,18.0,1,262940110000.0,47105000.0,3528324579.0,1475669.0
69,1950,Group Stage,Uruguay,Bolivia,8.0,0.0,2.0,26.0,1,15392839125.0,2194275.0,8328510308.0,2766028.0
70,1950,Final,Uruguay,Spain,2.0,2.0,2.0,22.0,0,15392839125.0,2194275.0,97082143790.08331,28062963.0
75,1950,Final,Uruguay,Brazil,2.0,1.0,2.0,5.0,1,15392839125.0,2194275.0,119498715700.0,53443075.0
72,1950,Final,Brazil,Spain,6.0,1.0,5.0,22.0,1,119498715700.0,53443075.0,97082143790.08331,28062963.0
73,1950,Final,Uruguay,Sweden,3.0,2.0,2.0,17.0,1,15392839125.0,2194275.0,75344388000.0,7014000.0
74,1950,Final,Sweden,Spain,3.0,1.0,17.0,22.0,1,75344388000.0,7014000.0,97082143790.08331,28062963.0
66,1950,Group Stage,Sweden,Italy,3.0,2.0,17.0,1.0,1,75344388000.0,7014000.0,262940110000.0,47105000.0
71,1950,Final,Brazil,Sweden,7.0,1.0,5.0,17.0,1,119498715700.0,53443075.0,75344388000.0,7014000.0
65,1950,Group Stage,Chile,United States,5.0,2.0,4.0,19.0,1,35814098040.0,6090833.0,2320610040000.0,152271000.0
59,1950,Group Stage,Switzerland,Mexico,2.0,1.0,7.0,28.0,1,54173630262.24768,4694000.0,99982981800.0,28485180.0
63,1950,Group Stage,United States,England,1.0,0.0,19.0,12.0,1,2320610040000.0,152271000.0,554454747000.0,50127000.0
62,1950,Group Stage,Spain,Chile,2.0,0.0,22.0,4.0,1,97082143790.08331,28062963.0,35814098040.0,6090833.0
61,1950,Group Stage,Spain,United States,3.0,1.0,22.0,19.0,1,97082143790.08331,28062963.0,2320610040000.0,152271000.0
60,1950,Group Stage,England,Chile,2.0,0.0,12.0,4.0,1,554454747000.0,50127000.0,35814098040.0,6090833.0
58,1950,Group Stage,Brazil,Yugoslavia,2.0,0.0,5.0,9.0,1,119498715700.0,53443075.0,37094248000.0,16298000.0
57,1950,Group Stage,Yugoslavia,Mexico,4.0,1.0,9.0,28.0,1,37094248000.0,16298000.0,99982981800.0,28485180.0
56,1950,Group Stage,Brazil,Switzerland,2.0,2.0,5.0,7.0,0,119498715700.0,53443075.0,54173630262.24768,4694000.0
55,1950,Group Stage,Yugoslavia,Switzerland,3.0,0.0,9.0,7.0,1,37094248000.0,16298000.0,54173630262.24768,4694000.0
54,1950,Group Stage,Brazil,Mexico,4.0,0.0,5.0,28.0,1,119498715700.0,53443075.0,99982981800.0,28485180.0
64,1950,Group Stage,Spain,England,1.0,0.0,22.0,12.0,1,97082143790.08331,28062963.0,554454747000.0,50127000.0
91,1954,Group Stage,Italy,Belgium,4.0,1.0,1.0,32.0,1,342536508000.0,48299000.0,84754241800.0,8819380.0
93,1954,Group Stage,Switzerland,Italy,4.0,1.0,9.0,1.0,1,64921861555.846085,4929000.0,342536508000.0,48299000.0
94,1954,Quarterfinals,Austria,Switzerland,7.0,5.0,11.0,9.0,1,50392857549.0,6940209.0,64921861555.846085,4929000.0
95,1954,Quarterfinals,Uruguay,England,4.0,2.0,2.0,12.0,1,19164760239.0,2316543.0,616540925000.0,50765000.0
100,1954,Third Place Match,Austria,Uruguay,3.0,1.0,11.0,2.0,1,50392857549.0,6940209.0,19164760239.0,2316543.0
97,1954,Quarterfinals,Hungary,Brazil,4.0,2.0,4.0,7.0,1,44094358000.0,9706000.0,151832713289.0,59989219.0
98,1954,Semifinals,West Germany,Austria,6.0,1.0,12.0,11.0,1,584376913860.0,69868115.0,50392857549.0,6940209.0
99,1954,Semifinals,Hungary,Uruguay,4.0,2.0,4.0,2.0,1,44094358000.0,9706000.0,19164760239.0,2316543.0
90,1954,Group Stage,England,Belgium,4.0,4.0,12.0,32.0,0,616540925000.0,50765000.0,84754241800.0,8819380.0
101,1954,Final,West Germany,Hungary,3.0,2.0,12.0,4.0,1,584376913860.0,69868115.0,44094358000.0,9706000.0
96,1954,Quarterfinals,West Germany,Yugoslavia,2.0,0.0,12.0,10.0,1,584376913860.0,69868115.0,40047585000.0,17151000.0
89,1954,Group Stage,Switzerland,Italy,2.0,1.0,9.0,1.0,1,64921861555.846085,4929000.0,342536508000.0,48299000.0
92,1954,Group Stage,England,Switzerland,2.0,0.0,12.0,9.0,1,616540925000.0,50765000.0,64921861555.846085,4929000.0
87,1954,Group Stage,Uruguay,Scotland,7.0,0.0,2.0,12.0,1,19164760239.0,2316543.0,616540925000.0,50765000.0
88,1954,Group Stage,Austria,Czechoslovakia,5.0,0.0,11.0,6.0,1,50392857549.0,6940209.0,48364939614.14639,9290617.0
76,1954,Group Stage,Brazil,Mexico,5.0,0.0,7.0,31.0,1,151832713289.0,59989219.0,123074544163.0,31959113.0
77,1954,Group Stage,Yugoslavia,France,1.0,0.0,10.0,27.0,1,40047585000.0,17151000.0,413153816000.0,43822000.0
79,1954,Group Stage,France,Mexico,3.0,2.0,27.0,31.0,1,413153816000.0,43822000.0,123074544163.0,31959113.0
80,1954,Group Stage,West Germany,Turkey,4.0,1.0,12.0,12.0,1,584376913860.0,69868115.0,61217098553.0,23463817.0
78,1954,Group Stage,Brazil,Yugoslavia,1.0,1.0,7.0,10.0,0,151832713289.0,59989219.0,40047585000.0,17151000.0
82,1954,Group Stage,Hungary,West Germany,8.0,3.0,4.0,12.0,1,44094358000.0,9706000.0,584376913860.0,69868115.0
83,1954,Group Stage,Turkey,South Korea,7.0,0.0,12.0,12.0,1,61217098553.0,23463817.0,29181574732.66833,21258836.0
84,1954,Group Stage,West Germany,Turkey,7.0,2.0,12.0,12.0,1,584376913860.0,69868115.0,61217098553.0,23463817.0
85,1954,Group Stage,Uruguay,Czechoslovakia,2.0,0.0,2.0,6.0,1,19164760239.0,2316543.0,48364939614.14639,9290617.0
86,1954,Group Stage,Austria,Scotland,1.0,0.0,11.0,12.0,1,50392857549.0,6940209.0,616540925000.0,50765000.0
81,1954,Group Stage,Hungary,South Korea,9.0,0.0,4.0,12.0,1,44094358000.0,9706000.0,29181574732.66833,21258836.0
127,1958,Group Stage,Brazil,Soviet Union,2.0,0.0,7.0,12.0,1,202937305065.0,67533213.0,1241330020000.0,206201000.0
122,1958,Group Stage,Brazil,Austria,3.0,0.0,7.0,11.0,1,202937305065.0,67533213.0,65792962928.0,6987358.0
123,1958,Group Stage,Soviet Union,England,2.0,2.0,12.0,12.0,0,1241330020000.0,206201000.0,655877096000.0,51652000.0
124,1958,Group Stage,Brazil,England,0.0,0.0,7.0,12.0,0,202937305065.0,67533213.0,655877096000.0,51652000.0
125,1958,Group Stage,Soviet Union,Austria,2.0,0.0,12.0,11.0,1,1241330020000.0,206201000.0,65792962928.0,6987358.0
126,1958,Group Stage,England,Austria,2.0,2.0,12.0,11.0,0,655877096000.0,51652000.0,65792962928.0,6987358.0
128,1958,Group Stage,Soviet Union,England,1.0,0.0,12.0,12.0,1,1241330020000.0,206201000.0,655877096000.0,51652000.0
135,1958,Third Place Match,France,West Germany,6.0,3.0,30.0,12.0,1,498861258000.0,45654000.0,767711425413.0,71488167.0
130,1958,Quarterfinals,France,Northern Ireland,4.0,0.0,30.0,12.0,1,498861258000.0,45654000.0,655877096000.0,51652000.0
131,1958,Quarterfinals,Sweden,Soviet Union,2.0,0.0,24.0,12.0,1,95457556000.0,7409000.0,1241330020000.0,206201000.0
132,1958,Quarterfinals,West Germany,Yugoslavia,1.0,0.0,12.0,10.0,1,767711425413.0,71488167.0,54882864000.0,17796000.0
133,1958,Semifinals,Brazil,France,5.0,2.0,7.0,30.0,1,202937305065.0,67533213.0,498861258000.0,45654000.0
134,1958,Semifinals,Sweden,West Germany,3.0,1.0,24.0,12.0,1,95457556000.0,7409000.0,767711425413.0,71488167.0
136,1958,Final,Brazil,Sweden,5.0,2.0,7.0,24.0,1,202937305065.0,67533213.0,95457556000.0,7409000.0
121,1958,Group Stage,Wales,Hungary,2.0,1.0,12.0,3.0,1,655877096000.0,51652000.0,53036694000.0,9882000.0
129,1958,Quarterfinals,Brazil,Wales,1.0,0.0,7.0,12.0,1,202937305065.0,67533213.0,655877096000.0,51652000.0
120,1958,Group Stage,Hungary,Mexico,4.0,0.0,3.0,34.0,1,53036694000.0,9882000.0,162674939455.0,36141955.0
107,1958,Group Stage,Czechoslovakia,Argentina,6.0,1.0,6.0,4.0,1,55149928666.6118,9574650.0,181174413737.0,19946539.0
118,1958,Group Stage,Sweden,Hungary,2.0,1.0,24.0,3.0,1,95457556000.0,7409000.0,53036694000.0,9882000.0
119,1958,Group Stage,Sweden,Wales,0.0,0.0,24.0,12.0,0,95457556000.0,7409000.0,655877096000.0,51652000.0
102,1958,Group Stage,Argentina,West Germany,1.0,3.0,4.0,12.0,-1,181174413737.0,19946539.0,767711425413.0,71488167.0
104,1958,Group Stage,West Germany,Czechoslovakia,2.0,2.0,12.0,6.0,0,767711425413.0,71488167.0,55149928666.6118,9574650.0
105,1958,Group Stage,Argentina,Northern Ireland,3.0,1.0,4.0,12.0,1,181174413737.0,19946539.0,655877096000.0,51652000.0
106,1958,Group Stage,West Germany,Northern Ireland,2.0,2.0,12.0,12.0,0,767711425413.0,71488167.0,655877096000.0,51652000.0
108,1958,Group Stage,Northern Ireland,Czechoslovakia,2.0,1.0,12.0,6.0,1,655877096000.0,51652000.0,55149928666.6118,9574650.0
109,1958,Group Stage,France,Paraguay,7.0,3.0,30.0,25.0,1,498861258000.0,45654000.0,4454883488.0,1816096.0
103,1958,Group Stage,Northern Ireland,Czechoslovakia,1.0,0.0,12.0,6.0,1,655877096000.0,51652000.0,55149928666.6118,9574650.0
111,1958,Group Stage,Yugoslavia,France,3.0,2.0,10.0,30.0,1,54882864000.0,17796000.0,498861258000.0,45654000.0
112,1958,Group Stage,Paraguay,Scotland,3.0,2.0,25.0,12.0,1,4454883488.0,1816096.0,655877096000.0,51652000.0
113,1958,Group Stage,France,Scotland,2.0,1.0,30.0,12.0,1,498861258000.0,45654000.0,655877096000.0,51652000.0
114,1958,Group Stage,Paraguay,Yugoslavia,3.0,3.0,25.0,10.0,0,4454883488.0,1816096.0,54882864000.0,17796000.0
115,1958,Group Stage,Sweden,Mexico,3.0,0.0,24.0,34.0,1,95457556000.0,7409000.0,162674939455.0,36141955.0
116,1958,Group Stage,Hungary,Wales,1.0,1.0,3.0,12.0,0,53036694000.0,9882000.0,655877096000.0,51652000.0
117,1958,Group Stage,Mexico,Wales,1.0,1.0,34.0,12.0,0,162674939455.0,36141955.0,655877096000.0,51652000.0
110,1958,Group Stage,Yugoslavia,Scotland,1.0,1.0,10.0,12.0,0,54882864000.0,17796000.0,655877096000.0,51652000.0
155,1962,Group Stage,Argentina,Bulgaria,1.0,0.0,4.0,12.0,1,192596952367.0,21283783.0,42083992392.0,8012946.0
156,1962,Group Stage,Hungary,England,2.0,1.0,3.0,12.0,1,63547845000.0,10063000.0,753069252000.0,53292000.0
157,1962,Group Stage,England,Argentina,3.0,1.0,12.0,4.0,1,753069252000.0,53292000.0,192596952367.0,21283783.0
158,1962,Group Stage,Hungary,Bulgaria,6.0,1.0,3.0,12.0,1,63547845000.0,10063000.0,42083992392.0,8012946.0
159,1962,Group Stage,Hungary,Argentina,0.0,0.0,3.0,4.0,0,63547845000.0,10063000.0,192596952367.0,21283783.0
160,1962,Group Stage,England,Bulgaria,0.0,0.0,12.0,12.0,0,753069252000.0,53292000.0,42083992392.0,8012946.0
164,1962,Quarterfinals,Yugoslavia,West Germany,1.0,0.0,10.0,12.0,1,74758500000.0,18500000.0,966424867402.0,73739117.0
162,1962,Quarterfinals,Czechoslovakia,Hungary,1.0,0.0,6.0,3.0,1,62886765830.733315,9620282.0,63547845000.0,10063000.0
163,1962,Quarterfinals,Brazil,England,3.0,1.0,7.0,12.0,1,282182176290.0,76039390.0,753069252000.0,53292000.0
165,1962,Semifinals,Czechoslovakia,Yugoslavia,3.0,1.0,6.0,10.0,1,62886765830.733315,9620282.0,74758500000.0,18500000.0
166,1962,Semifinals,Brazil,Chile,4.0,2.0,7.0,5.0,1,282182176290.0,76039390.0,56294055318.0,7961258.0
154,1962,Group Stage,Mexico,Czechoslovakia,3.0,1.0,36.0,6.0,1,200713968285.0,41121485.0,62886765830.733315,9620282.0
168,1962,Final,Brazil,Czechoslovakia,3.0,1.0,7.0,6.0,1,282182176290.0,76039390.0,62886765830.733315,9620282.0
161,1962,Quarterfinals,Chile,Soviet Union,2.0,1.0,5.0,12.0,1,56294055318.0,7961258.0,1459876973000.0,221227000.0
153,1962,Group Stage,Brazil,Spain,2.0,1.0,7.0,31.0,1,282182176290.0,76039390.0,189313560546.25327,31158061.0
167,1962,Third Place Match,Chile,Yugoslavia,1.0,0.0,5.0,10.0,1,56294055318.0,7961258.0,74758500000.0,18500000.0
151,1962,Group Stage,Brazil,Czechoslovakia,0.0,0.0,7.0,6.0,0,282182176290.0,76039390.0,62886765830.733315,9620282.0
137,1962,Group Stage,Uruguay,Colombia,2.0,1.0,2.0,12.0,1,19483298068.0,2598466.0,70335874475.0,17009885.0
138,1962,Group Stage,Soviet Union,Yugoslavia,2.0,0.0,12.0,10.0,1,1459876973000.0,221227000.0,74758500000.0,18500000.0
139,1962,Group Stage,Yugoslavia,Uruguay,3.0,1.0,10.0,2.0,1,74758500000.0,18500000.0,19483298068.0,2598466.0
140,1962,Group Stage,Soviet Union,Colombia,4.0,4.0,12.0,12.0,0,1459876973000.0,221227000.0,70335874475.0,17009885.0
141,1962,Group Stage,Soviet Union,Uruguay,2.0,1.0,12.0,2.0,1,1459876973000.0,221227000.0,19483298068.0,2598466.0
142,1962,Group Stage,Yugoslavia,Colombia,5.0,0.0,10.0,12.0,1,74758500000.0,18500000.0,70335874475.0,17009885.0
143,1962,Group Stage,Chile,Switzerland,3.0,1.0,5.0,9.0,1,56294055318.0,7961258.0,100820670792.32692,5666000.0
152,1962,Group Stage,Spain,Mexico,1.0,0.0,31.0,36.0,1,189313560546.25327,31158061.0,200713968285.0,41121485.0
145,1962,Group Stage,Chile,Italy,2.0,0.0,5.0,1.0,1,56294055318.0,7961258.0,553275702400.0,50843200.0
146,1962,Group Stage,West Germany,Switzerland,2.0,1.0,12.0,9.0,1,966424867402.0,73739117.0,100820670792.32692,5666000.0
147,1962,Group Stage,West Germany,Chile,2.0,0.0,12.0,5.0,1,966424867402.0,73739117.0,56294055318.0,7961258.0
148,1962,Group Stage,Italy,Switzerland,3.0,0.0,1.0,9.0,1,553275702400.0,50843200.0,100820670792.32692,5666000.0
149,1962,Group Stage,Brazil,Mexico,2.0,0.0,7.0,36.0,1,282182176290.0,76039390.0,200713968285.0,41121485.0
150,1962,Group Stage,Czechoslovakia,Spain,1.0,0.0,6.0,31.0,1,62886765830.733315,9620282.0,189313560546.25327,31158061.0
144,1962,Group Stage,West Germany,Italy,0.0,0.0,12.0,1.0,0,966424867402.0,73739117.0,553275702400.0,50843200.0
186,1966,Group Stage,Hungary,Bulgaria,3.0,1.0,3.0,12.0,1,75426858766.0,10184561.0,54296724775.00001,8258057.000000001
187,1966,Group Stage,Soviet Union,North Korea,3.0,0.0,12.0,12.0,1,1785145323000.0,233139000.0,10053277894.975687,12337000.0
188,1966,Group Stage,Italy,Chile,2.0,0.0,1.0,5.0,1,662465724400.0,52331600.0,68132623176.0,8685954.0
189,1966,Group Stage,Chile,North Korea,1.0,1.0,5.0,12.0,0,68132623176.0,8685954.0,10053277894.975687,12337000.0
190,1966,Group Stage,Soviet Union,Italy,1.0,0.0,12.0,1.0,1,1785145323000.0,233139000.0,662465724400.0,52331600.0
191,1966,Group Stage,North Korea,Italy,1.0,0.0,12.0,1.0,1,10053277894.975687,12337000.0,662465724400.0,52331600.0
192,1966,Group Stage,Soviet Union,Chile,2.0,1.0,12.0,5.0,1,1785145323000.0,233139000.0,68132623176.0,8685954.0
195,1966,Quarterfinals,Soviet Union,Hungary,2.0,1.0,12.0,3.0,1,1785145323000.0,233139000.0,75426858766.0,10184561.0
194,1966,Quarterfinals,West Germany,Uruguay,4.0,0.0,12.0,2.0,1,1140349172772.0,76206173.0,20934245451.0,2721207.0
196,1966,Quarterfinals,Portugal,North Korea,5.0,3.0,12.0,12.0,1,60455105600.0,9108800.0,10053277894.975687,12337000.0
197,1966,Semifinals,West Germany,Soviet Union,2.0,1.0,12.0,12.0,1,1140349172772.0,76206173.0,1785145323000.0,233139000.0
198,1966,Semifinals,England,Portugal,2.0,1.0,12.0,12.0,1,861009751000.0,54643000.0,60455105600.0,9108800.0
199,1966,Third Place Match,Portugal,Soviet Union,2.0,1.0,12.0,12.0,1,60455105600.0,9108800.0,1785145323000.0,233139000.0
185,1966,Group Stage,Portugal,Brazil,3.0,1.0,12.0,7.0,1,60455105600.0,9108800.0,320583731427.0,85557441.0
193,1966,Quarterfinals,England,Argentina,1.0,0.0,12.0,4.0,1,861009751000.0,54643000.0,227834521904.0,22611604.0
200,1966,Final,England,West Germany,4.0,2.0,12.0,12.0,1,861009751000.0,54643000.0,1140349172772.0,76206173.0
184,1966,Group Stage,Portugal,Bulgaria,3.0,0.0,12.0,12.0,1,60455105600.0,9108800.0,54296724775.00001,8258057.000000001
182,1966,Group Stage,Portugal,Hungary,3.0,1.0,12.0,3.0,1,60455105600.0,9108800.0,75426858766.0,10184561.0
183,1966,Group Stage,Hungary,Brazil,3.0,1.0,3.0,7.0,1,75426858766.0,10184561.0,320583731427.0,85557441.0
169,1966,Group Stage,England,Uruguay,0.0,0.0,12.0,2.0,0,861009751000.0,54643000.0,20934245451.0,2721207.0
170,1966,Group Stage,France,Mexico,1.0,1.0,34.0,38.0,0,764514102000.0,50254000.0,276900100400.0,46537832.0
171,1966,Group Stage,Uruguay,France,2.0,1.0,2.0,34.0,1,20934245451.0,2721207.0,764514102000.0,50254000.0
173,1966,Group Stage,Mexico,Uruguay,0.0,0.0,38.0,2.0,0,276900100400.0,46537832.0,20934245451.0,2721207.0
174,1966,Group Stage,England,France,2.0,0.0,12.0,34.0,1,861009751000.0,54643000.0,764514102000.0,50254000.0
172,1966,Group Stage,England,Mexico,2.0,0.0,12.0,38.0,1,861009751000.0,54643000.0,276900100400.0,46537832.0
176,1966,Group Stage,Argentina,Spain,2.0,1.0,4.0,33.0,1,227834521904.0,22611604.0,255489511025.20175,32451975.0
177,1966,Group Stage,Spain,Switzerland,2.0,1.0,33.0,9.0,1,255489511025.20175,32451975.0,121266331032.66225,5996000.0
178,1966,Group Stage,Argentina,West Germany,0.0,0.0,4.0,12.0,0,227834521904.0,22611604.0,1140349172772.0,76206173.0
179,1966,Group Stage,Argentina,Switzerland,2.0,0.0,4.0,9.0,1,227834521904.0,22611604.0,121266331032.66225,5996000.0
180,1966,Group Stage,West Germany,Spain,2.0,1.0,12.0,33.0,1,1140349172772.0,76206173.0,255489511025.20175,32451975.0
181,1966,Group Stage,Brazil,Bulgaria,2.0,0.0,7.0,12.0,1,320583731427.0,85557441.0,54296724775.00001,8258057.000000001
175,1966,Group Stage,West Germany,Switzerland,5.0,0.0,12.0,9.0,1,1140349172772.0,76206173.0,121266331032.66225,5996000.0
223,1970,Group Stage,West Germany,Peru,3.0,1.0,12.0,37.0,1,1343859724428.0,77783164.0,81043370400.0,13192800.0
219,1970,Group Stage,Peru,Bulgaria,3.0,2.0,37.0,12.0,1,81043370400.0,13192800.0,64588678992.0,8489574.0
220,1970,Group Stage,West Germany,Morocco,2.0,1.0,12.0,12.0,1,1343859724428.0,77783164.0,40982292400.0,15909275.0
221,1970,Group Stage,Peru,Morocco,3.0,0.0,37.0,12.0,1,81043370400.0,13192800.0,40982292400.0,15909275.0
222,1970,Group Stage,West Germany,Bulgaria,5.0,2.0,12.0,12.0,1,1343859724428.0,77783164.0,64588678992.0,8489574.0
224,1970,Group Stage,Bulgaria,Morocco,1.0,1.0,12.0,12.0,0,64588678992.0,8489574.0,40982292400.0,15909275.0
218,1970,Group Stage,England,Czechoslovakia,1.0,0.0,12.0,6.0,1,954756384000.0,55632000.0,85688637048.0,9795226.0
227,1970,Quarterfinals,Brazil,Peru,4.0,2.0,7.0,37.0,1,443496716595.0,95684297.0,81043370400.0,13192800.0
228,1970,Quarterfinals,West Germany,England,3.0,2.0,12.0,12.0,1,1343859724428.0,77783164.0,954756384000.0,55632000.0
229,1970,Semifinals,Brazil,Uruguay,3.0,1.0,7.0,2.0,1,443496716595.0,95684297.0,22673981770.0,2823659.0
230,1970,Semifinals,Italy,West Germany,4.0,3.0,1.0,12.0,1,831317761200.0,53661100.0,1343859724428.0,77783164.0
231,1970,Third Place Match,West Germany,Uruguay,1.0,0.0,12.0,2.0,1,1343859724428.0,77783164.0,22673981770.0,2823659.0
232,1970,Final,Brazil,Italy,4.0,1.0,7.0,1.0,1,443496716595.0,95684297.0,831317761200.0,53661100.0
225,1970,Quarterfinals,Soviet Union,Uruguay,0.0,1.0,12.0,2.0,-1,2154659508000.0,242478000.0,22673981770.0,2823659.0
217,1970,Group Stage,Brazil,Romania,3.0,2.0,7.0,38.0,1,443496716595.0,95684297.0,92096448409.0634,20252541.0
226,1970,Quarterfinals,Italy,Mexico,4.0,1.0,1.0,41.0,1,831317761200.0,53661100.0,362723660934.0,52775158.0
215,1970,Group Stage,Romania,Czechoslovakia,2.0,1.0,38.0,6.0,1,92096448409.0634,20252541.0,85688637048.0,9795226.0
201,1970,Group Stage,Mexico,Soviet Union,0.0,0.0,41.0,12.0,0,362723660934.0,52775158.0,2154659508000.0,242478000.0
202,1970,Group Stage,Belgium,El Salvador,3.0,0.0,42.0,12.0,1,163013749200.0,9637800.0,12570427616.0,3603907.0
203,1970,Group Stage,Soviet Union,Belgium,4.0,1.0,12.0,42.0,1,2154659508000.0,242478000.0,163013749200.0,9637800.0
204,1970,Group Stage,Mexico,El Salvador,4.0,0.0,41.0,12.0,1,362723660934.0,52775158.0,12570427616.0,3603907.0
205,1970,Group Stage,Soviet Union,El Salvador,2.0,0.0,12.0,12.0,1,2154659508000.0,242478000.0,12570427616.0,3603907.0
206,1970,Group Stage,Mexico,Belgium,1.0,0.0,41.0,42.0,1,362723660934.0,52775158.0,163013749200.0,9637800.0
207,1970,Group Stage,Uruguay,Israel,2.0,0.0,2.0,12.0,1,22673981770.0,2823659.0,37492043242.0,2903434.0
216,1970,Group Stage,Brazil,England,1.0,0.0,7.0,12.0,1,443496716595.0,95684297.0,954756384000.0,55632000.0
208,1970,Group Stage,Italy,Sweden,1.0,0.0,1.0,31.0,1,831317761200.0,53661100.0,163023567000.0,8043000.0
209,1970,Group Stage,Uruguay,Italy,0.0,0.0,2.0,1.0,0,22673981770.0,2823659.0,831317761200.0,53661100.0
210,1970,Group Stage,Sweden,Israel,1.0,1.0,31.0,12.0,0,163023567000.0,8043000.0,37492043242.0,2903434.0
211,1970,Group Stage,Sweden,Uruguay,1.0,0.0,31.0,2.0,1,163023567000.0,8043000.0,22673981770.0,2823659.0
212,1970,Group Stage,Italy,Israel,0.0,0.0,1.0,12.0,0,831317761200.0,53661100.0,37492043242.0,2903434.0
213,1970,Group Stage,England,Romania,1.0,0.0,12.0,38.0,1,954756384000.0,55632000.0,92096448409.0634,20252541.0
214,1970,Group Stage,Brazil,Czechoslovakia,4.0,1.0,7.0,6.0,1,443496716595.0,95684297.0,85688637048.0,9795226.0
254,1974,Group Stage,Haiti,Poland,0.0,7.0,12.0,37.0,-1,8476572000.0,4866000.0,300363721920.0,33642890.0
255,1974,Group Stage,Argentina,Haiti,4.0,1.0,4.0,12.0,1,340686392364.0,25646371.0,8476572000.0,4866000.0
256,1974,Group Stage,Poland,Italy,2.0,1.0,37.0,1.0,1,300363721920.0,33642890.0,972368742213.0,55226259.0
258,1974,Group Stage,Brazil,East Germany,1.0,0.0,7.0,12.0,1,681263712000.0,106182000.0,1518360882236.0,78966137.0
259,1974,Group Stage,Argentina,Brazil,1.0,2.0,4.0,7.0,-1,340686392364.0,25646371.0,681263712000.0,106182000.0
260,1974,Group Stage,East Germany,Netherlands,0.0,2.0,12.0,42.0,-1,1518360882236.0,78966137.0,291312124176.0,13540584.0
261,1974,Group Stage,Argentina,East Germany,1.0,1.0,4.0,12.0,0,340686392364.0,25646371.0,1518360882236.0,78966137.0
262,1974,Group Stage,Netherlands,Brazil,2.0,0.0,42.0,7.0,1,291312124176.0,13540584.0,681263712000.0,106182000.0
265,1974,Group Stage,Poland,Yugoslavia,2.0,1.0,37.0,10.0,1,300363721920.0,33642890.0,159611850000.0,20550000.0
264,1974,Group Stage,Sweden,Poland,0.0,1.0,34.0,37.0,-1,180619252000.0,8161000.0,300363721920.0,33642890.0
253,1974,Group Stage,Argentina,Italy,1.0,1.0,4.0,1.0,0,340686392364.0,25646371.0,972368742213.0,55226259.0
266,1974,Group Stage,West Germany,Sweden,4.0,2.0,12.0,34.0,1,1518360882236.0,78966137.0,180619252000.0,8161000.0
267,1974,Group Stage,Poland,West Germany,0.0,1.0,37.0,12.0,-1,300363721920.0,33642890.0,1518360882236.0,78966137.0
268,1974,Group Stage,Sweden,Yugoslavia,2.0,1.0,34.0,10.0,1,180619252000.0,8161000.0,159611850000.0,20550000.0
269,1974,Third Place Match,Brazil,Poland,0.0,1.0,7.0,37.0,-1,681263712000.0,106182000.0,300363721920.0,33642890.0
270,1974,Final,Netherlands,West Germany,1.0,2.0,42.0,12.0,-1,291312124176.0,13540584.0,1518360882236.0,78966137.0
263,1974,Group Stage,Yugoslavia,West Germany,0.0,2.0,10.0,12.0,-1,159611850000.0,20550000.0,1518360882236.0,78966137.0
251,1974,Group Stage,Italy,Haiti,3.0,1.0,1.0,12.0,1,972368742213.0,55226259.0,8476572000.0,4866000.0
257,1974,Group Stage,Netherlands,Argentina,4.0,0.0,42.0,4.0,1,291312124176.0,13540584.0,340686392364.0,25646371.0
238,1974,Group Stage,East Germany,West Germany,1.0,0.0,12.0,12.0,1,1518360882236.0,78966137.0,1518360882236.0,78966137.0
233,1974,Group Stage,West Germany,Chile,1.0,0.0,12.0,5.0,1,1518360882236.0,78966137.0,79171406208.0,10076544.0
234,1974,Group Stage,East Germany,Australia,2.0,0.0,12.0,12.0,1,1518360882236.0,78966137.0,281474171800.0,13599100.0
235,1974,Group Stage,Australia,West Germany,0.0,3.0,12.0,12.0,-1,281474171800.0,13599100.0,1518360882236.0,78966137.0
236,1974,Group Stage,Chile,East Germany,1.0,1.0,5.0,12.0,0,79171406208.0,10076544.0,1518360882236.0,78966137.0
237,1974,Group Stage,Australia,Chile,0.0,0.0,12.0,5.0,0,281474171800.0,13599100.0,79171406208.0,10076544.0
250,1974,Group Stage,Sweden,Uruguay,3.0,0.0,34.0,2.0,1,180619252000.0,8161000.0,23205229488.0,2838213.0
239,1974,Group Stage,Brazil,Yugoslavia,0.0,0.0,7.0,10.0,0,681263712000.0,106182000.0,159611850000.0,20550000.0
240,1974,Group Stage,Zaire,Scotland,0.0,2.0,12.0,12.0,-1,31926197504.0,24333992.0,1062802272000.0,56224000.0
241,1974,Group Stage,Yugoslavia,Zaire,9.0,0.0,10.0,12.0,1,159611850000.0,20550000.0,31926197504.0,24333992.0
252,1974,Group Stage,Poland,Argentina,3.0,2.0,37.0,4.0,1,300363721920.0,33642890.0,340686392364.0,25646371.0
243,1974,Group Stage,Scotland,Yugoslavia,1.0,1.0,12.0,10.0,0,1062802272000.0,56224000.0,159611850000.0,20550000.0
244,1974,Group Stage,Zaire,Brazil,0.0,3.0,12.0,7.0,-1,31926197504.0,24333992.0,681263712000.0,106182000.0
245,1974,Group Stage,Uruguay,Netherlands,0.0,2.0,2.0,42.0,-1,23205229488.0,2838213.0,291312124176.0,13540584.0
246,1974,Group Stage,Sweden,Bulgaria,0.0,0.0,34.0,12.0,0,180619252000.0,8161000.0,74897569350.0,8678745.0
247,1974,Group Stage,Bulgaria,Uruguay,1.0,1.0,12.0,2.0,0,74897569350.0,8678745.0,23205229488.0,2838213.0
248,1974,Group Stage,Netherlands,Sweden,0.0,0.0,42.0,34.0,0,291312124176.0,13540584.0,180619252000.0,8161000.0
249,1974,Group Stage,Bulgaria,Netherlands,1.0,4.0,12.0,42.0,-1,74897569350.0,8678745.0,291312124176.0,13540584.0
242,1974,Group Stage,Scotland,Brazil,0.0,0.0,12.0,7.0,0,1062802272000.0,56224000.0,681263712000.0,106182000.0
293,1978,Group Stage,Peru,Iran,4.0,1.0,42.0,12.0,1,105938531146.00002,16414399.000000002,318003258430.0,36510133.0
294,1978,Group Stage,Scotland,Netherlands,3.0,2.0,12.0,44.0,1,1148502816000.0,56167000.0,320433847968.0,13936754.0
295,1978,Group Stage,Austria,Netherlands,1.0,5.0,11.0,44.0,-1,153461855365.0,7562305.0,320433847968.0,13936754.0
296,1978,Group Stage,Italy,West Germany,0.0,0.0,1.0,12.0,0,1081497949890.0,56240143.0,1674283089078.0,78066074.0
297,1978,Group Stage,Netherlands,West Germany,2.0,2.0,44.0,12.0,0,320433847968.0,13936754.0,1674283089078.0,78066074.0
298,1978,Group Stage,Italy,Austria,1.0,0.0,1.0,11.0,1,1081497949890.0,56240143.0,153461855365.0,7562305.0
299,1978,Group Stage,Austria,West Germany,3.0,2.0,11.0,12.0,1,153461855365.0,7562305.0,1674283089078.0,78066074.0
300,1978,Group Stage,Italy,Netherlands,1.0,2.0,1.0,44.0,-1,1081497949890.0,56240143.0,320433847968.0,13936754.0
279,1978,Group Stage,West Germany,Mexico,6.0,0.0,12.0,47.0,1,1674283089078.0,78066074.0,567422153100.0,65295990.0
302,1978,Group Stage,Argentina,Poland,2.0,0.0,4.0,39.0,1,341466744768.0,27440272.0,340244090352.0,34929072.0
303,1978,Group Stage,Peru,Poland,0.0,1.0,42.0,39.0,-1,105938531146.00002,16414399.000000002,340244090352.0,34929072.0
304,1978,Group Stage,Argentina,Brazil,0.0,0.0,4.0,7.0,0,341466744768.0,27440272.0,870261975000.0,117207000.0
305,1978,Group Stage,Brazil,Poland,3.0,1.0,7.0,39.0,1,870261975000.0,117207000.0,340244090352.0,34929072.0
306,1978,Group Stage,Argentina,Peru,6.0,0.0,4.0,42.0,1,341466744768.0,27440272.0,105938531146.00002,16414399.000000002
307,1978,Third Place Match,Brazil,Italy,2.0,1.0,7.0,1.0,1,870261975000.0,117207000.0,1081497949890.0,56240143.0
308,1978,Final,Argentina,Netherlands,3.0,1.0,4.0,44.0,1,341466744768.0,27440272.0,320433847968.0,13936754.0
292,1978,Group Stage,Netherlands,Peru,0.0,0.0,44.0,42.0,0,320433847968.0,13936754.0,105938531146.00002,16414399.000000002
301,1978,Group Stage,Brazil,Peru,3.0,0.0,7.0,42.0,1,870261975000.0,117207000.0,105938531146.00002,16414399.000000002
291,1978,Group Stage,Scotland,Iran,1.0,1.0,12.0,12.0,0,1148502816000.0,56167000.0,318003258430.0,36510133.0
275,1978,Group Stage,France,Hungary,3.0,1.0,41.0,3.0,1,1239356196000.0,54602000.0,106380781100.0,10673300.0
289,1978,Group Stage,Peru,Scotland,3.0,1.0,42.0,12.0,1,105938531146.00002,16414399.000000002,1148502816000.0,56167000.0
290,1978,Group Stage,Netherlands,Iran,3.0,0.0,44.0,12.0,1,320433847968.0,13936754.0,318003258430.0,36510133.0
271,1978,Group Stage,Italy,France,2.0,1.0,1.0,41.0,1,1081497949890.0,56240143.0,1239356196000.0,54602000.0
272,1978,Group Stage,Argentina,Hungary,2.0,1.0,4.0,3.0,1,341466744768.0,27440272.0,106380781100.0,10673300.0
273,1978,Group Stage,Italy,Hungary,3.0,1.0,1.0,3.0,1,1081497949890.0,56240143.0,106380781100.0,10673300.0
276,1978,Group Stage,Argentina,Italy,0.0,1.0,4.0,1.0,-1,341466744768.0,27440272.0,1081497949890.0,56240143.0
277,1978,Group Stage,West Germany,Poland,0.0,0.0,12.0,39.0,0,1674283089078.0,78066074.0,340244090352.0,34929072.0
278,1978,Group Stage,Tunisia,Mexico,3.0,1.0,12.0,47.0,1,26410557728.0,6136282.0,567422153100.0,65295990.0
280,1978,Group Stage,Poland,Tunisia,1.0,0.0,39.0,12.0,1,340244090352.0,34929072.0,26410557728.0,6136282.0
274,1978,Group Stage,Argentina,France,2.0,1.0,4.0,41.0,1,341466744768.0,27440272.0,1239356196000.0,54602000.0
282,1978,Group Stage,Poland,Mexico,3.0,1.0,39.0,47.0,1,340244090352.0,34929072.0,567422153100.0,65295990.0
283,1978,Group Stage,Austria,Spain,2.0,1.0,11.0,40.0,1,153461855365.0,7562305.0,500155431706.4376,36861034.0
284,1978,Group Stage,Brazil,Sweden,1.0,1.0,7.0,36.0,0,870261975000.0,117207000.0,187418296000.0,8276000.0
285,1978,Group Stage,Austria,Sweden,1.0,0.0,11.0,36.0,1,153461855365.0,7562305.0,187418296000.0,8276000.0
286,1978,Group Stage,Brazil,Spain,0.0,0.0,7.0,40.0,0,870261975000.0,117207000.0,500155431706.4376,36861034.0
287,1978,Group Stage,Spain,Sweden,1.0,0.0,40.0,36.0,1,500155431706.4376,36861034.0,187418296000.0,8276000.0
281,1978,Group Stage,West Germany,Tunisia,0.0,0.0,12.0,12.0,0,1674283089078.0,78066074.0,26410557728.0,6136282.0
288,1978,Group Stage,Brazil,Austria,1.0,0.0,7.0,11.0,1,870261975000.0,117207000.0,153461855365.0,7562305.0
345,1982,Group Stage,Poland,Belgium,3.0,0.0,44.0,53.0,1,305360594449.0,36227381.0,227394766513.0,9856303.0
344,1982,Group Stage,Brazil,New Zealand,4.0,0.0,7.0,12.0,1,978935436000.0,129028000.0,66640155000.0,3217000.0
343,1982,Group Stage,Soviet Union,Scotland,2.0,2.0,12.0,12.0,0,2816923020000.0,270390000.0,1163414887600.0,56339704.0
342,1982,Group Stage,Soviet Union,New Zealand,3.0,0.0,12.0,12.0,1,2816923020000.0,270390000.0,66640155000.0,3217000.0
339,1982,Group Stage,Brazil,Soviet Union,2.0,1.0,7.0,12.0,1,978935436000.0,129028000.0,2816923020000.0,270390000.0
340,1982,Group Stage,Scotland,New Zealand,5.0,2.0,12.0,12.0,1,1163414887600.0,56339704.0,66640155000.0,3217000.0
338,1982,Group Stage,Spain,Northern Ireland,0.0,1.0,45.0,12.0,-1,533517528688.69666,37983310.0,1163414887600.0,56339704.0
346,1982,Group Stage,Belgium,Soviet Union,0.0,1.0,53.0,12.0,-1,227394766513.0,9856303.0,2816923020000.0,270390000.0
337,1982,Group Stage,Honduras,Yugoslavia,0.0,1.0,12.0,10.0,-1,11293337136.0,3671436.0,220600800000.0,21885000.0
341,1982,Group Stage,Brazil,Scotland,4.0,1.0,7.0,12.0,1,978935436000.0,129028000.0,1163414887600.0,56339704.0
347,1982,Group Stage,Soviet Union,Poland,0.0,0.0,12.0,44.0,0,2816923020000.0,270390000.0,305360594449.0,36227381.0
356,1982,Group Stage,France,Northern Ireland,4.0,1.0,46.0,12.0,1,1343411640000.0,55697000.0,1163414887600.0,56339704.0
349,1982,Group Stage,West Germany,Spain,2.0,1.0,12.0,45.0,1,1753143253080.0,78335266.0,533517528688.69666,37983310.0
350,1982,Group Stage,Spain,England,0.0,0.0,45.0,12.0,0,533517528688.69666,37983310.0,1163414887600.0,56339704.0
351,1982,Group Stage,Italy,Argentina,2.0,1.0,1.0,4.0,1,1194202239228.0,56535636.0,338761500000.0,29330000.0
352,1982,Group Stage,Argentina,Brazil,1.0,3.0,4.0,7.0,-1,338761500000.0,29330000.0,978935436000.0,129028000.0
353,1982,Group Stage,Italy,Brazil,3.0,2.0,1.0,7.0,1,1194202239228.0,56535636.0,978935436000.0,129028000.0
354,1982,Group Stage,Austria,France,0.0,1.0,11.0,46.0,-1,168565437702.0,7574613.0,1343411640000.0,55697000.0
355,1982,Group Stage,Austria,Northern Ireland,2.0,2.0,11.0,12.0,0,168565437702.0,7574613.0,1163414887600.0,56339704.0
357,1982,Semifinals,Poland,Italy,0.0,2.0,44.0,1.0,-1,305360594449.0,36227381.0,1194202239228.0,56535636.0
358,1982,Semifinals,West Germany,France,3.0,3.0,12.0,46.0,0,1753143253080.0,78335266.0,1343411640000.0,55697000.0
359,1982,Third Place Match,Poland,France,3.0,2.0,44.0,46.0,1,305360594449.0,36227381.0,1343411640000.0,55697000.0
336,1982,Group Stage,Honduras,Northern Ireland,1.0,1.0,12.0,12.0,0,11293337136.0,3671436.0,1163414887600.0,56339704.0
348,1982,Group Stage,West Germany,England,0.0,0.0,12.0,12.0,0,1753143253080.0,78335266.0,1163414887600.0,56339704.0
360,1982,Final,Italy,West Germany,3.0,1.0,1.0,12.0,1,1194202239228.0,56535636.0,1753143253080.0,78335266.0
335,1982,Group Stage,Spain,Yugoslavia,2.0,1.0,45.0,10.0,1,533517528688.69666,37983310.0,220600800000.0,21885000.0
333,1982,Group Stage,Spain,Honduras,1.0,1.0,45.0,12.0,0,533517528688.69666,37983310.0,11293337136.0,3671436.0
334,1982,Group Stage,Yugoslavia,Northern Ireland,0.0,0.0,10.0,12.0,0,220600800000.0,21885000.0,1163414887600.0,56339704.0
309,1982,Group Stage,Italy,Poland,0.0,0.0,1.0,44.0,0,1194202239228.0,56535636.0,305360594449.0,36227381.0
310,1982,Group Stage,Peru,Cameroon,0.0,0.0,47.0,12.0,0,123031210000.0,18173000.0,20950722121.0,9282553.0
311,1982,Group Stage,Italy,Peru,1.0,1.0,1.0,47.0,0,1194202239228.0,56535636.0,123031210000.0,18173000.0
312,1982,Group Stage,Poland,Cameroon,0.0,0.0,44.0,12.0,0,305360594449.0,36227381.0,20950722121.0,9282553.0
313,1982,Group Stage,Poland,Peru,5.0,1.0,44.0,47.0,1,305360594449.0,36227381.0,123031210000.0,18173000.0
314,1982,Group Stage,Italy,Cameroon,1.0,1.0,1.0,12.0,0,1194202239228.0,56535636.0,20950722121.0,9282553.0
316,1982,Group Stage,Chile,Austria,0.0,1.0,5.0,11.0,-1,92080689792.0,11487112.0,168565437702.0,7574613.0
317,1982,Group Stage,West Germany,Chile,4.0,1.0,12.0,5.0,1,1753143253080.0,78335266.0,92080689792.0,11487112.0
318,1982,Group Stage,Algeria,Austria,0.0,2.0,12.0,11.0,-1,103073659185.0,20033753.0,168565437702.0,7574613.0
319,1982,Group Stage,Algeria,Chile,3.0,2.0,12.0,5.0,1,103073659185.0,20033753.0,92080689792.0,11487112.0
320,1982,Group Stage,West Germany,Austria,1.0,0.0,12.0,11.0,1,1753143253080.0,78335266.0,168565437702.0,7574613.0
315,1982,Group Stage,West Germany,Algeria,1.0,2.0,12.0,12.0,-1,1753143253080.0,78335266.0,103073659185.0,20033753.0
322,1982,Group Stage,Hungary,El Salvador,10.0,1.0,3.0,12.0,1,112333178755.0,10705535.0,14958442863.0,4479917.0
323,1982,Group Stage,Argentina,Hungary,4.0,1.0,4.0,3.0,1,338761500000.0,29330000.0,112333178755.0,10705535.0
324,1982,Group Stage,Belgium,El Salvador,1.0,0.0,53.0,12.0,1,227394766513.0,9856303.0,14958442863.0,4479917.0
325,1982,Group Stage,Belgium,Hungary,1.0,1.0,53.0,3.0,0,227394766513.0,9856303.0,112333178755.0,10705535.0
326,1982,Group Stage,Argentina,El Salvador,2.0,0.0,4.0,12.0,1,338761500000.0,29330000.0,14958442863.0,4479917.0
327,1982,Group Stage,England,France,3.0,1.0,12.0,46.0,1,1163414887600.0,56339704.0,1343411640000.0,55697000.0
328,1982,Group Stage,Czechoslovakia,Kuwait,1.0,1.0,6.0,12.0,0,124767551736.0,10303704.0,20732804430.0,1497494.0
329,1982,Group Stage,England,Czechoslovakia,2.0,0.0,12.0,6.0,1,1163414887600.0,56339704.0,124767551736.0,10303704.0
330,1982,Group Stage,France,Kuwait,4.0,1.0,46.0,12.0,1,1343411640000.0,55697000.0,20732804430.0,1497494.0
331,1982,Group Stage,France,Czechoslovakia,1.0,1.0,46.0,6.0,0,1343411640000.0,55697000.0,124767551736.0,10303704.0
321,1982,Group Stage,Argentina,Belgium,0.0,1.0,4.0,53.0,-1,338761500000.0,29330000.0,227394766513.0,9856303.0
332,1982,Group Stage,England,Kuwait,1.0,0.0,12.0,12.0,1,1163414887600.0,56339704.0,20732804430.0,1497494.0
398,1986,Round of 16,Soviet Union,Belgium,3.0,4.0,12.0,56.0,-1,3093066360000.0,280296000.0,238862657800.0,9861800.0
397,1986,Round of 16,Mexico,Bulgaria,2.0,0.0,55.0,12.0,1,728181077690.0,78442430.0,91110690900.0,8958770.0
396,1986,Group Stage,Portugal,Morocco,1.0,3.0,12.0,12.0,-1,136464679114.0,9907411.0,89314714347.0,22457811.0
395,1986,Group Stage,England,Poland,3.0,0.0,12.0,47.0,1,1334598517480.0,56796260.0,346539501000.0,37504275.0
389,1986,Group Stage,Denmark,West Germany,2.0,0.0,12.0,12.0,1,146862035654.0,5120534.0,1916181399645.0,77713485.0
392,1986,Group Stage,Portugal,England,1.0,0.0,12.0,12.0,1,136464679114.0,9907411.0,1334598517480.0,56796260.0
391,1986,Group Stage,Morocco,Poland,0.0,0.0,12.0,47.0,0,89314714347.0,22457811.0,346539501000.0,37504275.0
390,1986,Group Stage,Scotland,Uruguay,0.0,0.0,12.0,2.0,0,1334598517480.0,56796260.0,29182468000.0,3031000.0
399,1986,Round of 16,Brazil,Poland,4.0,0.0,7.0,47.0,1,1160963076000.0,140196000.0,346539501000.0,37504275.0
393,1986,Group Stage,England,Morocco,0.0,0.0,12.0,12.0,0,1334598517480.0,56796260.0,89314714347.0,22457811.0
400,1986,Round of 16,Argentina,Uruguay,1.0,0.0,4.0,2.0,1,358634675000.0,31145000.0,29182468000.0,3031000.0
412,1986,Final,Argentina,West Germany,3.0,2.0,4.0,12.0,1,358634675000.0,31145000.0,1916181399645.0,77713485.0
402,1986,Round of 16,Morocco,West Germany,0.0,1.0,12.0,12.0,-1,89314714347.0,22457811.0,1916181399645.0,77713485.0
403,1986,Round of 16,England,Paraguay,3.0,0.0,12.0,45.0,1,1334598517480.0,56796260.0,18352974000.0,3781000.0
404,1986,Round of 16,Denmark,Spain,1.0,5.0,12.0,48.0,-1,146862035654.0,5120534.0,590018528730.3583,38707556.0
405,1986,Quarterfinals,Brazil,France,1.0,1.0,7.0,49.0,0,1160963076000.0,140196000.0,1431625550000.0,56725000.0
406,1986,Quarterfinals,West Germany,Mexico,0.0,0.0,12.0,55.0,0,1916181399645.0,77713485.0,728181077690.0,78442430.0
407,1986,Quarterfinals,Argentina,England,2.0,1.0,4.0,12.0,1,358634675000.0,31145000.0,1334598517480.0,56796260.0
408,1986,Quarterfinals,Spain,Belgium,1.0,1.0,48.0,56.0,0,590018528730.3583,38707556.0,238862657800.0,9861800.0
409,1986,Semifinals,France,West Germany,0.0,2.0,49.0,12.0,-1,1431625550000.0,56725000.0,1916181399645.0,77713485.0
410,1986,Semifinals,Argentina,Belgium,2.0,0.0,4.0,56.0,1,358634675000.0,31145000.0,238862657800.0,9861800.0
411,1986,Third Place Match,Belgium,France,2.0,4.0,56.0,49.0,-1,238862657800.0,9861800.0,1431625550000.0,56725000.0
388,1986,Group Stage,Denmark,Uruguay,6.0,1.0,12.0,2.0,1,146862035654.0,5120534.0,29182468000.0,3031000.0
401,1986,Round of 16,Italy,France,0.0,2.0,1.0,49.0,-1,1310891945298.0,56733833.0,1431625550000.0,56725000.0
387,1986,Group Stage,West Germany,Scotland,2.0,1.0,12.0,12.0,1,1916181399645.0,77713485.0,1334598517480.0,56796260.0
394,1986,Group Stage,Poland,Portugal,1.0,0.0,47.0,12.0,1,346539501000.0,37504275.0,136464679114.0,9907411.0
385,1986,Group Stage,Uruguay,West Germany,1.0,1.0,2.0,12.0,0,29182468000.0,3031000.0,1916181399645.0,77713485.0
361,1986,Group Stage,Bulgaria,Italy,1.0,1.0,12.0,1.0,0,91110690900.0,8958770.0,1310891945298.0,56733833.0
362,1986,Group Stage,Argentina,South Korea,3.0,1.0,4.0,12.0,1,358634675000.0,31145000.0,402092251444.84906,41214000.0
363,1986,Group Stage,Italy,Argentina,1.0,1.0,1.0,4.0,0,1310891945298.0,56733833.0,358634675000.0,31145000.0
364,1986,Group Stage,South Korea,Bulgaria,1.0,1.0,12.0,12.0,0,402092251444.84906,41214000.0,91110690900.0,8958770.0
365,1986,Group Stage,South Korea,Italy,2.0,3.0,12.0,1.0,-1,402092251444.84906,41214000.0,1310891945298.0,56733833.0
366,1986,Group Stage,Argentina,Bulgaria,2.0,0.0,4.0,12.0,1,358634675000.0,31145000.0,91110690900.0,8958770.0
367,1986,Group Stage,Belgium,Mexico,1.0,2.0,56.0,55.0,-1,238862657800.0,9861800.0,728181077690.0,78442430.0
368,1986,Group Stage,Paraguay,Iraq,1.0,0.0,45.0,12.0,1,18352974000.0,3781000.0,97354061280.0,16247340.0
370,1986,Group Stage,Iraq,Belgium,1.0,2.0,12.0,56.0,-1,97354061280.0,16247340.0,238862657800.0,9861800.0
371,1986,Group Stage,Paraguay,Belgium,2.0,2.0,45.0,56.0,0,18352974000.0,3781000.0,238862657800.0,9861800.0
372,1986,Group Stage,Iraq,Mexico,0.0,1.0,12.0,55.0,-1,97354061280.0,16247340.0,728181077690.0,78442430.0
369,1986,Group Stage,Mexico,Paraguay,1.0,1.0,55.0,45.0,0,728181077690.0,78442430.0,18352974000.0,3781000.0
374,1986,Group Stage,Soviet Union,Hungary,6.0,0.0,12.0,3.0,1,3093066360000.0,280296000.0,113513151714.0,10630563.0
384,1986,Group Stage,Algeria,Spain,0.0,3.0,12.0,48.0,-1,119145034956.0,22642538.0,590018528730.3583,38707556.0
373,1986,Group Stage,Canada,France,0.0,1.0,12.0,49.0,-1,746074593600.0,26203800.0,1431625550000.0,56725000.0
382,1986,Group Stage,Northern Ireland,Spain,1.0,2.0,12.0,48.0,-1,1334598517480.0,56796260.0,590018528730.3583,38707556.0
381,1986,Group Stage,Brazil,Algeria,1.0,0.0,7.0,12.0,1,1160963076000.0,140196000.0,119145034956.0,22642538.0
380,1986,Group Stage,Algeria,Northern Ireland,1.0,1.0,12.0,12.0,0,119145034956.0,22642538.0,1334598517480.0,56796260.0
383,1986,Group Stage,Northern Ireland,Brazil,0.0,3.0,12.0,7.0,-1,1334598517480.0,56796260.0,1160963076000.0,140196000.0
378,1986,Group Stage,Soviet Union,Canada,2.0,0.0,12.0,12.0,1,3093066360000.0,280296000.0,746074593600.0,26203800.0
377,1986,Group Stage,Hungary,France,0.0,3.0,3.0,49.0,-1,113513151714.0,10630563.0,1431625550000.0,56725000.0
376,1986,Group Stage,Hungary,Canada,2.0,0.0,3.0,12.0,1,113513151714.0,10630563.0,746074593600.0,26203800.0
375,1986,Group Stage,France,Soviet Union,1.0,1.0,49.0,12.0,0,1431625550000.0,56725000.0,3093066360000.0,280296000.0
379,1986,Group Stage,Spain,Brazil,0.0,1.0,48.0,7.0,-1,590018528730.3583,38707556.0,1160963076000.0,140196000.0
386,1986,Group Stage,Scotland,Denmark,0.0,1.0,12.0,12.0,-1,1334598517480.0,56796260.0,146862035654.0,5120534.0
421,1990,Quarterfinals,Argentina,Yugoslavia,0.0,0.0,4.0,10.0,0,338751144000.0,33036000.0,207144000000.0,23016000.0
428,1990,Final,West Germany,Argentina,1.0,0.0,12.0,4.0,1,2015547584054.0,79380394.0,338751144000.0,33036000.0
427,1990,Third Place Match,Italy,England,2.0,1.0,1.0,12.0,1,1475485264658.0,56742886.0,1505692217023.0,57493307.0
426,1990,Semifinals,West Germany,England,1.0,1.0,12.0,12.0,0,2015547584054.0,79380394.0,1505692217023.0,57493307.0
425,1990,Semifinals,Argentina,Italy,1.0,1.0,4.0,1.0,0,338751144000.0,33036000.0,1475485264658.0,56742886.0
424,1990,Quarterfinals,Cameroon,England,2.0,3.0,12.0,12.0,-1,22937075350.0,11884495.0,1505692217023.0,57493307.0
423,1990,Quarterfinals,Czechoslovakia,West Germany,0.0,1.0,6.0,12.0,-1,146168289492.0,10309514.0,2015547584054.0,79380394.0
422,1990,Quarterfinals,Republic of Ireland,Italy,0.0,1.0,12.0,1.0,-1,66087471600.0,3508200.0,1475485264658.0,56742886.0
420,1990,Round of 16,England,Belgium,1.0,0.0,12.0,58.0,1,1505692217023.0,57493307.0,273278725720.0,9969310.0
418,1990,Round of 16,Italy,Uruguay,2.0,0.0,1.0,2.0,1,1475485264658.0,56742886.0,32048550000.0,3110000.0
417,1990,Round of 16,Republic of Ireland,Romania,0.0,0.0,12.0,53.0,0,66087471600.0,3508200.0,127957828220.0,22865945.0
416,1990,Round of 16,West Germany,Netherlands,2.0,1.0,12.0,54.0,1,2015547584054.0,79380394.0,411390797650.0,14951510.0
415,1990,Round of 16,Brazil,Argentina,0.0,1.0,7.0,4.0,-1,1185475140000.0,151170000.0,338751144000.0,33036000.0
414,1990,Round of 16,Czechoslovakia,Costa Rica,4.0,1.0,6.0,12.0,1,146168289492.0,10309514.0,22906633225.0,3027175.0
413,1990,Round of 16,Cameroon,Colombia,2.0,1.0,12.0,12.0,1,22937075350.0,11884495.0,253538201000.0,32957000.0
419,1990,Round of 16,Spain,Yugoslavia,1.0,2.0,50.0,10.0,-1,756125026334.9999,39350769.0,207144000000.0,23016000.0
466,1994,Round of 16,Spain,Switzerland,3.0,0.0,6.0,8.0,1,820138252538.8351,39670120.0,250752170381.1229,7078630.0
465,1994,Round of 16,Germany,Belgium,3.0,2.0,1.0,26.0,1,2283952741453.933,81163760.0,290433139451.90906,10117330.0
463,1994,Group Stage,Belgium,Saudi Arabia,0.0,1.0,26.0,36.0,-1,290433139451.90906,10117330.0,336457989306.87756,18012700.0
462,1994,Group Stage,Saudi Arabia,Morocco,2.0,1.0,36.0,28.0,1,336457989306.87756,18012700.0,118651283231.02892,26597090.0
459,1994,Group Stage,Belgium,Morocco,1.0,0.0,26.0,28.0,1,290433139451.90906,10117330.0,118651283231.02892,26597090.0
460,1994,Group Stage,Netherlands,Saudi Arabia,2.0,1.0,3.0,36.0,1,457377474350.8904,15385640.0,336457989306.87756,18012700.0
467,1994,Round of 16,Saudi Arabia,Sweden,1.0,3.0,36.0,10.0,-1,336457989306.87756,18012700.0,241524292876.94257,8780800.0
458,1994,Group Stage,Republic of Ireland,Norway,0.0,0.0,11.0,5.0,0,78958773531.57642,3588250.0,162645054657.5238,4338030.0
457,1994,Group Stage,Italy,Mexico,1.0,1.0,7.0,17.0,0,1573414701077.2815,56867140.0,972991963473.1648,90755640.0
461,1994,Group Stage,Belgium,Netherlands,1.0,0.0,26.0,3.0,1,290433139451.90906,10117330.0,457377474350.8904,15385640.0
468,1994,Round of 16,Romania,Argentina,3.0,2.0,18.0,9.0,1,123373703770.20164,22733020.0,472926744735.6559,34847360.0
472,1994,Round of 16,Mexico,Bulgaria,1.0,1.0,17.0,23.0,0,972991963473.1648,90755640.0,68680749482.13623,8363160.0
470,1994,Round of 16,Brazil,United States,1.0,0.0,2.0,21.0,1,1391783946533.5432,161540650.0,10211204349910.549,263126000.0
471,1994,Round of 16,Nigeria,Italy,1.0,2.0,15.0,7.0,-1,193990919621.50955,106570580.0,1573414701077.2815,56867140.0
473,1994,Quarterfinals,Italy,Spain,2.0,1.0,7.0,6.0,1,1573414701077.2815,56867140.0,820138252538.8351,39670120.0
474,1994,Quarterfinals,Netherlands,Brazil,2.0,3.0,3.0,2.0,-1,457377474350.8904,15385640.0,1391783946533.5432,161540650.0
475,1994,Quarterfinals,Bulgaria,Germany,2.0,1.0,23.0,1.0,1,68680749482.13623,8363160.0,2283952741453.933,81163760.0
476,1994,Quarterfinals,Romania,Sweden,2.0,2.0,18.0,10.0,0,123373703770.20164,22733020.0,241524292876.94257,8780800.0
477,1994,Semifinals,Bulgaria,Italy,1.0,2.0,23.0,7.0,-1,68680749482.13623,8363160.0,1573414701077.2815,56867140.0
478,1994,Semifinals,Sweden,Brazil,0.0,1.0,10.0,2.0,-1,241524292876.94257,8780800.0,1391783946533.5432,161540650.0
479,1994,Third Place Match,Sweden,Bulgaria,4.0,0.0,10.0,23.0,1,241524292876.94257,8780800.0,68680749482.13623,8363160.0
480,1994,Final,Brazil,Italy,0.0,0.0,2.0,7.0,0,1391783946533.5432,161540650.0,1573414701077.2815,56867140.0
456,1994,Group Stage,Mexico,Republic of Ireland,2.0,1.0,17.0,11.0,1,972991963473.1648,90755640.0,78958773531.57642,3588250.0
469,1994,Round of 16,Netherlands,Republic of Ireland,2.0,0.0,3.0,11.0,1,457377474350.8904,15385640.0,78958773531.57642,3588250.0
455,1994,Group Stage,Italy,Norway,1.0,0.0,7.0,5.0,1,1573414701077.2815,56867140.0,162645054657.5238,4338030.0
464,1994,Group Stage,Morocco,Netherlands,1.0,2.0,28.0,3.0,-1,118651283231.02892,26597090.0,457377474350.8904,15385640.0
453,1994,Group Stage,Italy,Republic of Ireland,0.0,1.0,7.0,11.0,-1,1573414701077.2815,56867140.0,78958773531.57642,3588250.0
429,1994,Group Stage,United States,Switzerland,1.0,1.0,21.0,8.0,0,10211204349910.549,263126000.0,250752170381.1229,7078630.0
430,1994,Group Stage,Colombia,Romania,1.0,3.0,20.0,18.0,-1,300636176526.99554,35587270.0,123373703770.20164,22733020.0
431,1994,Group Stage,Romania,Switzerland,1.0,4.0,18.0,8.0,-1,123373703770.20164,22733020.0,250752170381.1229,7078630.0
432,1994,Group Stage,United States,Colombia,2.0,1.0,21.0,20.0,1,10211204349910.549,263126000.0,300636176526.99554,35587270.0
433,1994,Group Stage,Switzerland,Colombia,0.0,2.0,8.0,20.0,-1,250752170381.1229,7078630.0,300636176526.99554,35587270.0
434,1994,Group Stage,United States,Romania,0.0,1.0,21.0,18.0,-1,10211204349910.549,263126000.0,123373703770.20164,22733020.0
436,1994,Group Stage,Brazil,Russia,2.0,0.0,2.0,13.0,1,1391783946533.5432,161540650.0,1297672588197.074,148411500.0
437,1994,Group Stage,Brazil,Cameroon,3.0,0.0,2.0,29.0,1,1391783946533.5432,161540650.0,21685984488.89787,13422890.0
438,1994,Group Stage,Sweden,Russia,3.0,1.0,10.0,13.0,1,241524292876.94257,8780800.0,1297672588197.074,148411500.0
439,1994,Group Stage,Russia,Cameroon,6.0,1.0,13.0,29.0,1,1297672588197.074,148411500.0,21685984488.89787,13422890.0
440,1994,Group Stage,Brazil,Sweden,1.0,1.0,2.0,10.0,0,1391783946533.5432,161540650.0,241524292876.94257,8780800.0
441,1994,Group Stage,Germany,Bolivia,1.0,0.0,1.0,55.0,1,2283952741453.933,81163760.0,27129138036.065887,7205290.0
435,1994,Group Stage,Cameroon,Sweden,2.0,2.0,29.0,10.0,0,21685984488.89787,13422890.0,241524292876.94257,8780800.0
443,1994,Group Stage,Germany,Spain,1.0,1.0,1.0,6.0,0,2283952741453.933,81163760.0,820138252538.8351,39670120.0
442,1994,Group Stage,Spain,South Korea,2.0,2.0,6.0,42.0,0,820138252538.8351,39670120.0,791073887356.4005,44642000.0
452,1994,Group Stage,Greece,Nigeria,0.0,2.0,32.0,15.0,-1,173829072441.29288,10393810.0,193990919621.50955,106570580.0
451,1994,Group Stage,Argentina,Bulgaria,0.0,2.0,9.0,23.0,-1,472926744735.6559,34847360.0,68680749482.13623,8363160.0
450,1994,Group Stage,Bulgaria,Greece,4.0,0.0,23.0,32.0,1,68680749482.13623,8363160.0,173829072441.29288,10393810.0
448,1994,Group Stage,Nigeria,Bulgaria,3.0,0.0,15.0,23.0,1,193990919621.50955,106570580.0,68680749482.13623,8363160.0
449,1994,Group Stage,Argentina,Nigeria,2.0,1.0,9.0,15.0,1,472926744735.6559,34847360.0,193990919621.50955,106570580.0
446,1994,Group Stage,Germany,South Korea,3.0,2.0,1.0,42.0,1,2283952741453.933,81163760.0,791073887356.4005,44642000.0
445,1994,Group Stage,Bolivia,Spain,1.0,3.0,55.0,6.0,-1,27129138036.065887,7205290.0,820138252538.8351,39670120.0
454,1994,Group Stage,Norway,Mexico,1.0,0.0,5.0,17.0,1,162645054657.5238,4338030.0,972991963473.1648,90755640.0
444,1994,Group Stage,South Korea,Bolivia,0.0,0.0,42.0,55.0,0,791073887356.4005,44642000.0,27129138036.065887,7205290.0
447,1994,Group Stage,Argentina,Greece,4.0,0.0,9.0,32.0,1,472926744735.6559,34847360.0,173829072441.29288,10393810.0
527,1998,Group Stage,Argentina,Croatia,1.0,0.0,17.0,16.0,1,554567065629.1992,36518410.0,54840832953.29125,4395690.0
523,1998,Group Stage,Argentina,Japan,1.0,0.0,17.0,9.0,1,554567065629.1992,36518410.0,4111244968374.172,126273770.0
526,1998,Group Stage,Argentina,Jamaica,5.0,0.0,17.0,33.0,1,554567065629.1992,36518410.0,16799001848.872437,2611520.0
525,1998,Group Stage,Japan,Croatia,0.0,1.0,9.0,16.0,-1,4111244968374.172,126273770.0,54840832953.29125,4395690.0
524,1998,Group Stage,Jamaica,Croatia,1.0,3.0,33.0,16.0,-1,16799001848.872437,2611520.0,54840832953.29125,4395690.0
522,1998,Group Stage,Romania,Tunisia,1.0,1.0,11.0,19.0,0,144240921812.4769,22511380.0,64700488755.18304,9316580.0
516,1998,Group Stage,United States,FR Yugoslavia,0.0,1.0,12.0,8.0,-1,11881792591151.297,275854000.0,50248496842.99423,7609130.0
520,1998,Group Stage,Romania,England,2.0,1.0,11.0,5.0,1,144240921812.4769,22511380.0,1766619843236.341,58735820.0
519,1998,Group Stage,Colombia,Tunisia,1.0,0.0,15.0,19.0,1,335365602158.4882,37837720.0,64700488755.18304,9316580.0
518,1998,Group Stage,Romania,Colombia,1.0,0.0,11.0,15.0,1,144240921812.4769,22511380.0,335365602158.4882,37837720.0
517,1998,Group Stage,England,Tunisia,2.0,0.0,5.0,19.0,1,1766619843236.341,58735820.0,64700488755.18304,9316580.0
528,1998,Group Stage,Japan,Jamaica,1.0,2.0,9.0,33.0,-1,4111244968374.172,126273770.0,16799001848.872437,2611520.0
521,1998,Group Stage,Colombia,England,0.0,2.0,15.0,5.0,-1,335365602158.4882,37837720.0,1766619843236.341,58735820.0
529,1998,Round of 16,Italy,Norway,1.0,0.0,14.0,10.0,1,1744897484426.9824,56930460.0,216978672214.0753,4432050.0
542,1998,Semifinals,France,Croatia,2.0,1.0,6.0,16.0,1,1882050252245.6167,60085100.0,54840832953.29125,4395690.0
531,1998,Round of 16,France,Paraguay,1.0,0.0,6.0,30.0,1,1882050252245.6167,60085100.0,27958223833.485195,5253410.0
532,1998,Round of 16,Nigeria,Denmark,1.0,4.0,67.0,24.0,-1,239844518352.63947,118391170.0,192859233763.039,5303980.0
533,1998,Round of 16,Germany,Mexico,2.0,1.0,2.0,4.0,1,2535903730461.11,81462820.0,1105636694970.239,96051470.0
534,1998,Round of 16,Netherlands,FR Yugoslavia,2.0,1.0,25.0,8.0,1,545041097783.4082,15712420.0,50248496842.99423,7609130.0
535,1998,Round of 16,Romania,Croatia,0.0,1.0,11.0,16.0,-1,144240921812.4769,22511380.0,54840832953.29125,4395690.0
536,1998,Round of 16,Argentina,England,2.0,2.0,17.0,5.0,0,554567065629.1992,36518410.0,1766619843236.341,58735820.0
537,1998,Quarterfinals,Italy,France,0.0,0.0,14.0,6.0,0,1744897484426.9824,56930460.0,1882050252245.6167,60085100.0
538,1998,Quarterfinals,Brazil,Denmark,3.0,2.0,1.0,24.0,1,1617675927767.2366,171744070.0,192859233763.039,5303980.0
539,1998,Quarterfinals,Netherlands,Argentina,2.0,1.0,25.0,17.0,1,545041097783.4082,15712420.0,554567065629.1992,36518410.0
540,1998,Quarterfinals,Germany,Croatia,0.0,3.0,2.0,16.0,-1,2535903730461.11,81462820.0,54840832953.29125,4395690.0
541,1998,Semifinals,Brazil,Netherlands,1.0,1.0,1.0,25.0,0,1617675927767.2366,171744070.0,545041097783.4082,15712420.0
514,1998,Group Stage,United States,Iran,1.0,2.0,12.0,47.0,-1,11881792591151.297,275854000.0,541099722937.8249,63971980.0
543,1998,Third Place Match,Netherlands,Croatia,1.0,2.0,25.0,16.0,-1,545041097783.4082,15712420.0,54840832953.29125,4395690.0
544,1998,Final,Brazil,France,0.0,3.0,1.0,6.0,-1,1617675927767.2366,171744070.0,1882050252245.6167,60085100.0
530,1998,Round of 16,Brazil,Chile,4.0,1.0,1.0,7.0,1,1617675927767.2366,171744070.0,227977540262.44885,14940000.0
513,1998,Group Stage,Germany,FR Yugoslavia,2.0,2.0,2.0,8.0,0,2535903730461.11,81462820.0,50248496842.99423,7609130.0
515,1998,Group Stage,Germany,Iran,2.0,0.0,2.0,47.0,1,2535903730461.11,81462820.0,541099722937.8249,63971980.0
511,1998,Group Stage,FR Yugoslavia,Iran,1.0,0.0,8.0,47.0,1,50248496842.99423,7609130.0,541099722937.8249,63971980.0
512,1998,Group Stage,Germany,United States,2.0,0.0,2.0,12.0,1,2535903730461.11,81462820.0,11881792591151.297,275854000.0
482,1998,Group Stage,Morocco,Norway,2.0,2.0,13.0,10.0,0,132709007464.13107,28061720.0,216978672214.0753,4432050.0
483,1998,Group Stage,Scotland,Norway,1.0,1.0,37.0,10.0,0,1766619843236.341,58735820.0,216978672214.0753,4432050.0
484,1998,Group Stage,Brazil,Morocco,3.0,0.0,1.0,13.0,1,1617675927767.2366,171744070.0,132709007464.13107,28061720.0
485,1998,Group Stage,Scotland,Morocco,0.0,3.0,37.0,13.0,-1,1766619843236.341,58735820.0,132709007464.13107,28061720.0
486,1998,Group Stage,Brazil,Norway,1.0,2.0,1.0,10.0,-1,1617675927767.2366,171744070.0,216978672214.0753,4432050.0
487,1998,Group Stage,Italy,Chile,2.0,2.0,14.0,7.0,0,1744897484426.9824,56930460.0,227977540262.44885,14940000.0
488,1998,Group Stage,Cameroon,Austria,1.0,1.0,49.0,27.0,0,27818636535.470055,15059740.0,259776336297.7129,8023650.0
489,1998,Group Stage,Chile,Austria,1.0,1.0,7.0,27.0,0,227977540262.44885,14940000.0,259776336297.7129,8023650.0
490,1998,Group Stage,Italy,Cameroon,3.0,0.0,14.0,49.0,1,1744897484426.9824,56930460.0,27818636535.470055,15059740.0
491,1998,Group Stage,Italy,Austria,2.0,1.0,14.0,27.0,1,1744897484426.9824,56930460.0,259776336297.7129,8023650.0
492,1998,Group Stage,Chile,Cameroon,1.0,1.0,7.0,49.0,0,227977540262.44885,14940000.0,27818636535.470055,15059740.0
493,1998,Group Stage,Saudi Arabia,Denmark,0.0,1.0,32.0,24.0,-1,436367193703.54816,19558460.0,192859233763.039,5303980.0
494,1998,Group Stage,France,South Africa,3.0,0.0,6.0,36.0,1,1882050252245.6167,60085100.0,320149758388.33844,45577490.0
495,1998,Group Stage,South Africa,Denmark,1.0,1.0,36.0,24.0,0,320149758388.33844,45577490.0,192859233763.039,5303980.0
481,1998,Group Stage,Brazil,Scotland,2.0,1.0,1.0,37.0,1,1617675927767.2366,171744070.0,1766619843236.341,58735820.0
497,1998,Group Stage,France,Denmark,2.0,1.0,6.0,24.0,1,1882050252245.6167,60085100.0,192859233763.039,5303980.0
496,1998,Group Stage,France,Saudi Arabia,4.0,0.0,6.0,32.0,1,1882050252245.6167,60085100.0,436367193703.54816,19558460.0
509,1998,Group Stage,Netherlands,Mexico,2.0,2.0,25.0,4.0,0,545041097783.4082,15712420.0,1105636694970.239,96051470.0
508,1998,Group Stage,Netherlands,South Korea,5.0,0.0,25.0,20.0,1,545041097783.4082,15712420.0,908368099519.2588,46287000.0
507,1998,Group Stage,Belgium,Mexico,2.0,2.0,41.0,4.0,0,321240209602.1047,10204340.0,1105636694970.239,96051470.0
506,1998,Group Stage,Netherlands,Belgium,0.0,0.0,25.0,41.0,0,545041097783.4082,15712420.0,321240209602.1047,10204340.0
505,1998,Group Stage,South Korea,Mexico,1.0,3.0,20.0,4.0,-1,908368099519.2588,46287000.0,1105636694970.239,96051470.0
510,1998,Group Stage,Belgium,South Korea,1.0,1.0,41.0,20.0,0,321240209602.1047,10204340.0,908368099519.2588,46287000.0
503,1998,Group Stage,Nigeria,Paraguay,1.0,3.0,67.0,30.0,-1,239844518352.63947,118391170.0,27958223833.485195,5253410.0
502,1998,Group Stage,Spain,Paraguay,0.0,0.0,23.0,30.0,0,976805848345.8472,40222830.0,27958223833.485195,5253410.0
501,1998,Group Stage,Nigeria,Bulgaria,1.0,0.0,67.0,38.0,1,239844518352.63947,118391170.0,67715865835.42529,8136890.0
500,1998,Group Stage,Spain,Nigeria,2.0,3.0,23.0,67.0,-1,976805848345.8472,40222830.0,239844518352.63947,118391170.0
499,1998,Group Stage,Paraguay,Bulgaria,0.0,0.0,30.0,38.0,0,27958223833.485195,5253410.0,67715865835.42529,8136890.0
498,1998,Group Stage,South Africa,Saudi Arabia,2.0,2.0,36.0,32.0,0,320149758388.33844,45577490.0,436367193703.54816,19558460.0
504,1998,Group Stage,Spain,Bulgaria,6.0,1.0,23.0,38.0,1,976805848345.8472,40222830.0,67715865835.42529,8136890.0
591,2002,Group Stage,Tunisia,Japan,0.0,2.0,28.0,35.0,-1,76877528751.27873,9710830.0,4226575817549.0127,127324140.0
590,2002,Group Stage,Tunisia,Belgium,1.0,1.0,28.0,20.0,0,76877528751.27873,9710830.0,355705506321.4167,10334360.0
589,2002,Group Stage,Japan,Russia,1.0,0.0,35.0,21.0,1,4226575817549.0127,127324140.0,1781424835793.516,145310020.0
588,2002,Group Stage,Russia,Tunisia,2.0,0.0,21.0,28.0,1,1781424835793.516,145310020.0,76877528751.27873,9710830.0
587,2002,Group Stage,Japan,Belgium,2.0,2.0,35.0,20.0,0,4226575817549.0127,127324140.0,355705506321.4167,10334360.0
584,2002,Group Stage,Mexico,Ecuador,2.0,1.0,9.0,38.0,1,1275457990350.314,100862570.0,94404510215.47723,12827210.0
585,2002,Group Stage,Mexico,Italy,1.0,1.0,9.0,6.0,0,1275457990350.314,100862570.0,1929301842835.1577,57113640.0
583,2002,Group Stage,Italy,Croatia,1.0,2.0,6.0,19.0,-1,1929301842835.1577,57113640.0,61317063157.44551,4175819.999999999
582,2002,Group Stage,Italy,Ecuador,2.0,0.0,6.0,38.0,1,1929301842835.1577,57113640.0,94404510215.47723,12827210.0
581,2002,Group Stage,Croatia,Mexico,0.0,1.0,19.0,9.0,-1,61317063157.44551,4175819.999999999,1275457990350.314,100862570.0
592,2002,Group Stage,Belgium,Russia,3.0,2.0,20.0,21.0,1,355705506321.4167,10334360.0,1781424835793.516,145310020.0
580,2002,Group Stage,Nigeria,England,0.0,0.0,40.0,10.0,0,344836480214.8,132165340.0,1983994387966.6548,59630800.0
586,2002,Group Stage,Ecuador,Croatia,1.0,0.0,38.0,19.0,1,94404510215.47723,12827210.0,61317063157.44551,4175819.999999999
593,2002,Round of 16,Germany,Paraguay,1.0,0.0,12.0,13.0,1,2822441757886.928,81594850.0,31664873670.91009,5683440.0
601,2002,Quarterfinals,England,Brazil,1.0,2.0,10.0,3.0,-1,1983994387966.6548,59630800.0,1861742324605.168,181720820.0
595,2002,Round of 16,Sweden,Senegal,1.0,2.0,16.0,68.0,-1,317463789531.6034,8925100.0,21289208377.912388,10863980.0
596,2002,Round of 16,Spain,Republic of Ireland,1.0,1.0,7.0,18.0,0,1191323482591.211,41432550.0,169226176804.2285,3934320.0
597,2002,Round of 16,Mexico,United States,0.0,2.0,9.0,24.0,-1,1275457990350.314,100862570.0,13307343355773.19,287625000.0
598,2002,Round of 16,Brazil,Belgium,2.0,0.0,3.0,20.0,1,1861742324605.168,181720820.0,355705506321.4167,10334360.0
599,2002,Round of 16,Japan,Turkey,0.0,1.0,35.0,23.0,-1,4226575817549.0127,127324140.0,796073298038.8536,67728130.0
600,2002,Round of 16,South Korea,Italy,2.0,1.0,42.0,6.0,1,1203066619635.484,47645000.0,1929301842835.1577,57113640.0
602,2002,Quarterfinals,Germany,United States,1.0,0.0,12.0,24.0,1,2822441757886.928,81594850.0,13307343355773.19,287625000.0
603,2002,Quarterfinals,Spain,South Korea,0.0,0.0,7.0,42.0,0,1191323482591.211,41432550.0,1203066619635.484,47645000.0
604,2002,Quarterfinals,Senegal,Turkey,0.0,1.0,68.0,23.0,-1,21289208377.912388,10863980.0,796073298038.8536,67728130.0
605,2002,Semifinals,Germany,South Korea,1.0,0.0,12.0,42.0,1,2822441757886.928,81594850.0,1203066619635.484,47645000.0
606,2002,Semifinals,Brazil,Turkey,1.0,0.0,3.0,23.0,1,1861742324605.168,181720820.0,796073298038.8536,67728130.0
607,2002,Third Place Match,South Korea,Turkey,2.0,3.0,42.0,23.0,-1,1203066619635.484,47645000.0,796073298038.8536,67728130.0
608,2002,Final,Germany,Brazil,0.0,2.0,12.0,3.0,-1,2822441757886.928,81594850.0,1861742324605.168,181720820.0
578,2002,Group Stage,Argentina,England,0.0,1.0,2.0,10.0,-1,460558548158.53595,38079140.0,1983994387966.6548,59630800.0
594,2002,Round of 16,Denmark,England,0.0,3.0,17.0,10.0,-1,213517278665.5893,5377000.0,1983994387966.6548,59630800.0
577,2002,Group Stage,Sweden,Nigeria,2.0,1.0,16.0,40.0,1,317463789531.6034,8925100.0,344836480214.8,132165340.0
579,2002,Group Stage,Sweden,Argentina,1.0,1.0,16.0,2.0,0,317463789531.6034,8925100.0,460558548158.53595,38079140.0
575,2002,Group Stage,Argentina,Nigeria,1.0,0.0,2.0,40.0,1,460558548158.53595,38079140.0,344836480214.8,132165340.0
546,2002,Group Stage,Uruguay,Denmark,1.0,2.0,22.0,17.0,-1,37250865917.35548,3267740.0,213517278665.5893,5377000.0
547,2002,Group Stage,Denmark,Senegal,1.0,1.0,17.0,68.0,0,213517278665.5893,5377000.0,21289208377.912388,10863980.0
548,2002,Group Stage,France,Uruguay,0.0,0.0,1.0,22.0,0,2107316688787.8132,61702650.0,37250865917.35548,3267740.0
549,2002,Group Stage,Denmark,France,2.0,0.0,17.0,1.0,1,213517278665.5893,5377000.0,2107316688787.8132,61702650.0
550,2002,Group Stage,Senegal,Uruguay,3.0,3.0,68.0,22.0,0,21289208377.912388,10863980.0,37250865917.35548,3267740.0
551,2002,Group Stage,Paraguay,South Africa,2.0,2.0,13.0,33.0,0,31664873670.91009,5683440.0,396137568095.6238,48479690.0
552,2002,Group Stage,Spain,Slovenia,3.0,1.0,7.0,27.0,1,1191323482591.211,41432550.0,45659924092.578705,2009210.0
553,2002,Group Stage,Spain,Paraguay,3.0,1.0,7.0,13.0,1,1191323482591.211,41432550.0,31664873670.91009,5683440.0
554,2002,Group Stage,South Africa,Slovenia,1.0,0.0,33.0,27.0,1,396137568095.6238,48479690.0,45659924092.578705,2009210.0
555,2002,Group Stage,South Africa,Spain,2.0,3.0,33.0,7.0,-1,396137568095.6238,48479690.0,1191323482591.211,41432550.0
556,2002,Group Stage,Slovenia,Paraguay,1.0,3.0,27.0,13.0,-1,45659924092.578705,2009210.0,31664873670.91009,5683440.0
557,2002,Group Stage,Brazil,Turkey,2.0,1.0,3.0,23.0,1,1861742324605.168,181720820.0,796073298038.8536,67728130.0
558,2002,Group Stage,China,Costa Rica,0.0,2.0,55.0,30.0,-1,6814493702583.538,1275379100.0,38566388989.13309,4020870.0
559,2002,Group Stage,Brazil,China,4.0,0.0,3.0,55.0,1,1861742324605.168,181720820.0,6814493702583.538,1275379100.0
560,2002,Group Stage,Costa Rica,Turkey,1.0,1.0,30.0,23.0,0,38566388989.13309,4020870.0,796073298038.8536,67728130.0
545,2002,Group Stage,France,Senegal,0.0,1.0,1.0,68.0,-1,2107316688787.8132,61702650.0,21289208377.912388,10863980.0
562,2002,Group Stage,Turkey,China,3.0,0.0,23.0,55.0,1,796073298038.8536,67728130.0,6814493702583.538,1275379100.0
561,2002,Group Stage,Costa Rica,Brazil,2.0,5.0,30.0,3.0,-1,38566388989.13309,4020870.0,1861742324605.168,181720820.0
574,2002,Group Stage,Saudi Arabia,Republic of Ireland,0.0,3.0,32.0,18.0,-1,518347021615.0168,21549330.0,169226176804.2285,3934320.0
573,2002,Group Stage,Cameroon,Germany,0.0,2.0,37.0,12.0,-1,35058274114.63484,16815160.0,2822441757886.928,81594850.0
572,2002,Group Stage,Cameroon,Saudi Arabia,1.0,0.0,37.0,32.0,1,35058274114.63484,16815160.0,518347021615.0168,21549330.0
571,2002,Group Stage,Germany,Republic of Ireland,1.0,1.0,12.0,18.0,0,2822441757886.928,81594850.0,169226176804.2285,3934320.0
570,2002,Group Stage,Germany,Saudi Arabia,8.0,0.0,12.0,32.0,1,2822441757886.928,81594850.0,518347021615.0168,21549330.0
576,2002,Group Stage,England,Sweden,1.0,1.0,10.0,16.0,0,1983994387966.6548,59630800.0,317463789531.6034,8925100.0
568,2002,Group Stage,Poland,United States,3.0,1.0,31.0,24.0,1,514089641969.04407,38320370.0,13307343355773.19,287625000.0
567,2002,Group Stage,Portugal,South Korea,0.0,1.0,4.0,42.0,-1,247190713666.603,10344240.0,1203066619635.484,47645000.0
566,2002,Group Stage,Portugal,Poland,4.0,0.0,4.0,31.0,1,247190713666.603,10344240.0,514089641969.04407,38320370.0
565,2002,Group Stage,South Korea,United States,1.0,1.0,42.0,24.0,0,1203066619635.484,47645000.0,13307343355773.19,287625000.0
569,2002,Group Stage,Republic of Ireland,Cameroon,1.0,1.0,18.0,37.0,0,169226176804.2285,3934320.0,35058274114.63484,16815160.0
564,2002,Group Stage,United States,Portugal,3.0,2.0,24.0,4.0,1,13307343355773.19,287625000.0,247190713666.603,10344240.0
563,2002,Group Stage,South Korea,Poland,2.0,0.0,42.0,31.0,1,1203066619635.484,47645000.0,514089641969.04407,38320370.0
654,2006,Group Stage,Spain,Tunisia,3.0,1.0,5.0,28.0,1,1415738443538.4585,44370190.0,95016288115.403,10086630.0
653,2006,Group Stage,Saudi Arabia,Ukraine,0.0,4.0,33.0,40.0,-1,833723440544.4121,24177780.0,436786728856.8704,46685260.0
652,2006,Group Stage,Tunisia,Saudi Arabia,2.0,2.0,28.0,33.0,0,95016288115.403,10086630.0,833723440544.4121,24177780.0
651,2006,Group Stage,Spain,Ukraine,4.0,0.0,5.0,40.0,1,1415738443538.4585,44370190.0,436786728856.8704,46685260.0
650,2006,Group Stage,Switzerland,South Korea,2.0,0.0,36.0,29.0,1,393075114922.4324,7579110.0,1381281441120.4192,48438000.0
647,2006,Group Stage,France,South Korea,1.0,1.0,5.0,29.0,0,2297018044865.599,63512910.0,1381281441120.4192,48438000.0
648,2006,Group Stage,Togo,Switzerland,0.0,2.0,56.0,36.0,-1,6714729680.118457,5865000.0,393075114922.4324,7579110.0
655,2006,Group Stage,Saudi Arabia,Spain,0.0,1.0,33.0,5.0,-1,833723440544.4121,24177780.0,1415738443538.4585,44370190.0
646,2006,Group Stage,France,Switzerland,0.0,0.0,5.0,36.0,0,2297018044865.599,63512910.0,393075114922.4324,7579110.0
645,2006,Group Stage,South Korea,Togo,2.0,1.0,29.0,56.0,1,1381281441120.4192,48438000.0,6714729680.118457,5865000.0
644,2006,Group Stage,Croatia,Australia,2.0,2.0,20.0,48.0,0,78256427472.46355,4183160.0,866678696861.3472,20320250.0
643,2006,Group Stage,Japan,Brazil,1.0,4.0,15.0,1.0,-1,4514224954934.309,127761880.0,2240805450219.474,190437710.0
642,2006,Group Stage,Brazil,Australia,2.0,0.0,1.0,48.0,1,2240805450219.474,190437710.0,866678696861.3472,20320250.0
649,2006,Group Stage,Togo,France,0.0,2.0,56.0,5.0,-1,6714729680.118457,5865000.0,2297018044865.599,63512910.0
656,2006,Group Stage,Ukraine,Tunisia,1.0,0.0,40.0,28.0,1,436786728856.8704,46685260.0,95016288115.403,10086630.0
659,2006,Round of 16,England,Ecuador,1.0,0.0,9.0,38.0,1,2212618763719.148,61098320.0,118581680187.87624,13915490.0
658,2006,Round of 16,Argentina,Mexico,2.0,1.0,4.0,7.0,1,652296843183.3518,39555980.0,1510732406919.162,105737620.0
660,2006,Round of 16,Portugal,Netherlands,1.0,0.0,10.0,3.0,1,259159941266.179,10446190.0,691453789681.7378,16351640.0
661,2006,Round of 16,Italy,Australia,1.0,0.0,12.0,48.0,1,2086553652586.8257,58424290.0,866678696861.3472,20320250.0
662,2006,Round of 16,Switzerland,Ukraine,0.0,0.0,36.0,40.0,0,393075114922.4324,7579110.0,436786728856.8704,46685260.0
664,2006,Round of 16,Spain,France,1.0,3.0,5.0,5.0,-1,1415738443538.4585,44370190.0,2297018044865.599,63512910.0
665,2006,Quarterfinals,Germany,Argentina,1.0,1.0,17.0,4.0,0,3086359027851.929,81189770.0,652296843183.3518,39555980.0
666,2006,Quarterfinals,Italy,Ukraine,3.0,0.0,12.0,40.0,1,2086553652586.8257,58424290.0,436786728856.8704,46685260.0
667,2006,Quarterfinals,England,Portugal,0.0,0.0,9.0,10.0,0,2212618763719.148,61098320.0,259159941266.179,10446190.0
668,2006,Quarterfinals,Brazil,France,0.0,1.0,1.0,5.0,-1,2240805450219.474,190437710.0,2297018044865.599,63512910.0
669,2006,Semifinals,Germany,Italy,0.0,2.0,17.0,12.0,-1,3086359027851.929,81189770.0,2086553652586.8257,58424290.0
670,2006,Semifinals,Portugal,France,0.0,1.0,10.0,5.0,-1,259159941266.179,10446190.0,2297018044865.599,63512910.0
671,2006,Third Place Match,Germany,Portugal,3.0,1.0,17.0,10.0,1,3086359027851.929,81189770.0,259159941266.179,10446190.0
641,2006,Group Stage,Japan,Croatia,0.0,0.0,15.0,20.0,0,4514224954934.309,127761880.0,78256427472.46355,4183160.0
672,2006,Final,Italy,France,1.0,1.0,12.0,5.0,0,2086553652586.8257,58424290.0,2297018044865.599,63512910.0
657,2006,Round of 16,Germany,Sweden,2.0,0.0,17.0,14.0,1,3086359027851.929,81189770.0,372234674684.211,9080600.0
663,2006,Round of 16,Brazil,Ghana,3.0,0.0,1.0,50.0,1,2240805450219.474,190437710.0,57735680668.67439,23057770.0
640,2006,Group Stage,Brazil,Croatia,1.0,0.0,1.0,20.0,1,2240805450219.474,190437710.0,78256427472.46355,4183160.0
638,2006,Group Stage,Ghana,United States,2.0,1.0,50.0,7.0,1,57735680668.67439,23057770.0,15065164433314.504,298380000.0
639,2006,Group Stage,Australia,Japan,3.0,1.0,48.0,15.0,1,866678696861.3472,20320250.0,4514224954934.309,127761880.0
609,2006,Group Stage,Germany,Costa Rica,4.0,2.0,17.0,21.0,1,3086359027851.929,81189770.0,46549508251.80849,4278260.0
610,2006,Group Stage,Poland,Ecuador,0.0,2.0,22.0,38.0,-1,638713881706.6954,38220140.0,118581680187.87624,13915490.0
611,2006,Group Stage,Germany,Poland,1.0,0.0,17.0,22.0,1,3086359027851.929,81189770.0,638713881706.6954,38220140.0
612,2006,Group Stage,Ecuador,Costa Rica,3.0,0.0,38.0,21.0,1,118581680187.87624,13915490.0,46549508251.80849,4278260.0
613,2006,Group Stage,Ecuador,Germany,0.0,3.0,38.0,17.0,-1,118581680187.87624,13915490.0,3086359027851.929,81189770.0
614,2006,Group Stage,Costa Rica,Poland,1.0,2.0,21.0,22.0,-1,46549508251.80849,4278260.0,638713881706.6954,38220140.0
615,2006,Group Stage,England,Paraguay,1.0,0.0,9.0,30.0,1,2212618763719.148,61098320.0,37261533119.9632,6079900.0
617,2006,Group Stage,England,Trinidad and Tobago,2.0,0.0,9.0,50.0,1,2212618763719.148,61098320.0,39852728367.11796,1337680.0
618,2006,Group Stage,Sweden,Paraguay,1.0,0.0,14.0,30.0,1,372234674684.211,9080600.0,37261533119.9632,6079900.0
619,2006,Group Stage,Sweden,England,2.0,2.0,14.0,9.0,0,372234674684.211,9080600.0,2212618763719.148,61098320.0
620,2006,Group Stage,Paraguay,Trinidad and Tobago,2.0,0.0,30.0,50.0,1,37261533119.9632,6079900.0,39852728367.11796,1337680.0
621,2006,Group Stage,Argentina,Ivory Coast,2.0,1.0,4.0,42.0,1,652296843183.3518,39555980.0,48079707588.47571,20512460.0
622,2006,Group Stage,Serbia and Montenegro,Netherlands,0.0,1.0,47.0,3.0,-1,74079356390.85822,7480930.0,691453789681.7378,16351640.0
616,2006,Group Stage,Trinidad and Tobago,Sweden,0.0,0.0,50.0,14.0,0,39852728367.11796,1337680.0,372234674684.211,9080600.0
624,2006,Group Stage,Netherlands,Ivory Coast,2.0,1.0,3.0,42.0,1,691453789681.7378,16351640.0,48079707588.47571,20512460.0
637,2006,Group Stage,Czech Republic,Italy,0.0,2.0,2.0,12.0,-1,243991795689.56424,10213920.0,2086553652586.8257,58424290.0
623,2006,Group Stage,Argentina,Serbia and Montenegro,6.0,0.0,4.0,47.0,1,652296843183.3518,39555980.0,74079356390.85822,7480930.0
636,2006,Group Stage,Italy,United States,1.0,1.0,12.0,7.0,0,2086553652586.8257,58424290.0,15065164433314.504,298380000.0
635,2006,Group Stage,Czech Republic,Ghana,0.0,2.0,2.0,50.0,-1,243991795689.56424,10213920.0,57735680668.67439,23057770.0
634,2006,Group Stage,Italy,Ghana,2.0,0.0,12.0,50.0,1,2086553652586.8257,58424290.0,57735680668.67439,23057770.0
632,2006,Group Stage,Iran,Angola,1.0,1.0,19.0,63.0,0,995245215831.0476,70158080.0,66749576814.419304,14534990.0
631,2006,Group Stage,Portugal,Mexico,2.0,1.0,10.0,7.0,1,259159941266.179,10446190.0,1510732406919.162,105737620.0
633,2006,Group Stage,United States,Czech Republic,0.0,3.0,7.0,2.0,-1,15065164433314.504,298380000.0,243991795689.56424,10213920.0
629,2006,Group Stage,Mexico,Angola,0.0,0.0,7.0,63.0,0,1510732406919.162,105737620.0,66749576814.419304,14534990.0
628,2006,Group Stage,Angola,Portugal,0.0,1.0,63.0,10.0,-1,66749576814.419304,14534990.0,259159941266.179,10446190.0
627,2006,Group Stage,Mexico,Iran,3.0,1.0,7.0,19.0,1,1510732406919.162,105737620.0,995245215831.0476,70158080.0
626,2006,Group Stage,Ivory Coast,Serbia and Montenegro,3.0,2.0,42.0,47.0,1,48079707588.47571,20512460.0,74079356390.85822,7480930.0
625,2006,Group Stage,Netherlands,Argentina,0.0,0.0,3.0,4.0,0,691453789681.7378,16351640.0,652296843183.3518,39555980.0
630,2006,Group Stage,Portugal,Iran,2.0,0.0,10.0,19.0,1,259159941266.179,10446190.0,995245215831.0476,70158080.0
718,2010,Group Stage,Spain,Honduras,2.0,0.0,1.0,34.0,1,1480376434759.7292,46572630.0,34409601873.32612,7991283.0
715,2010,Group Stage,Honduras,Chile,0.0,1.0,34.0,16.0,-1,34409601873.32612,7991283.0,321457381476.434,16999470.0
736,2010,Final,Netherlands,Spain,0.0,1.0,3.0,1.0,-1,728193226189.9569,16620730.0,1480376434759.7292,46572630.0
717,2010,Group Stage,Chile,Switzerland,1.0,0.0,16.0,18.0,1,321457381476.434,16999470.0,451139695906.6743,7884370.0
716,2010,Group Stage,Spain,Switzerland,0.0,1.0,1.0,18.0,-1,1480376434759.7292,46572630.0,451139695906.6743,7884370.0
714,2010,Group Stage,North Korea,Ivory Coast,0.0,3.0,85.0,22.0,-1,42605438986.47798,24326000.0,58369985877.94355,22845250.0
707,2010,Group Stage,Slovakia,Italy,3.0,2.0,36.0,4.0,1,118344316035.96992,5393700.0,2080545998468.232,59844380.0
712,2010,Group Stage,Portugal,North Korea,7.0,0.0,5.0,85.0,1,267277401712.92697,10496630.0,42605438986.47798,24326000.0
711,2010,Group Stage,Brazil,Ivory Coast,3.0,1.0,2.0,22.0,1,2820492540464.97,198408090.0,58369985877.94355,22845250.0
710,2010,Group Stage,Brazil,North Korea,2.0,1.0,2.0,85.0,1,2820492540464.97,198408090.0,42605438986.47798,24326000.0
709,2010,Group Stage,Ivory Coast,Portugal,0.0,0.0,22.0,5.0,0,58369985877.94355,22845250.0,267277401712.92697,10496630.0
708,2010,Group Stage,Paraguay,New Zealand,0.0,0.0,29.0,79.0,0,45961697331.08607,6438090.0,139478800831.91745,4415830.0
719,2010,Group Stage,Chile,Spain,1.0,2.0,16.0,1.0,-1,321457381476.434,16999470.0,1480376434759.7292,46572630.0
713,2010,Group Stage,Portugal,Brazil,0.0,0.0,5.0,2.0,0,267277401712.92697,10496630.0,2820492540464.97,198408090.0
720,2010,Group Stage,Switzerland,Honduras,0.0,0.0,18.0,34.0,0,451139695906.6743,7884370.0,34409601873.32612,7991283.0
735,2010,Third Place Match,Uruguay,Germany,2.0,3.0,21.0,6.0,-1,54642867848.48382,3328710.0,3301123263613.155,80300580.0
722,2010,Round of 16,United States,Ghana,1.0,2.0,14.0,27.0,-1,15239587282908.611,309327000.0,75296611697.63696,25558590.0
723,2010,Round of 16,Germany,England,4.0,1.0,6.0,9.0,1,3301123263613.155,80300580.0,2190919846036.3564,63039940.0
724,2010,Round of 16,Argentina,Mexico,3.0,1.0,8.0,17.0,1,785785132297.98,41400710.0,1638271518089.6377,111467530.0
725,2010,Round of 16,Netherlands,Slovakia,2.0,1.0,3.0,36.0,1,728193226189.9569,16620730.0,118344316035.96992,5393700.0
726,2010,Round of 16,Brazil,Chile,3.0,0.0,2.0,16.0,1,2820492540464.97,198408090.0,321457381476.434,16999470.0
727,2010,Round of 16,Paraguay,Japan,0.0,0.0,29.0,40.0,0,45961697331.08607,6438090.0,4480295741206.953,127966760.0
728,2010,Round of 16,Spain,Portugal,1.0,0.0,1.0,5.0,1,1480376434759.7292,46572630.0,267277401712.92697,10496630.0
729,2010,Quarterfinals,Netherlands,Brazil,2.0,1.0,3.0,2.0,1,728193226189.9569,16620730.0,2820492540464.97,198408090.0
730,2010,Quarterfinals,Uruguay,Ghana,1.0,1.0,21.0,27.0,0,54642867848.48382,3328710.0,75296611697.63696,25558590.0
731,2010,Quarterfinals,Argentina,Germany,0.0,4.0,8.0,6.0,-1,785785132297.98,41400710.0,3301123263613.155,80300580.0
732,2010,Quarterfinals,Paraguay,Spain,0.0,1.0,29.0,1.0,-1,45961697331.08607,6438090.0,1480376434759.7292,46572630.0
733,2010,Semifinals,Uruguay,Netherlands,2.0,3.0,21.0,3.0,-1,54642867848.48382,3328710.0,728193226189.9569,16620730.0
734,2010,Semifinals,Germany,Spain,0.0,1.0,6.0,1.0,-1,3301123263613.155,80300580.0,1480376434759.7292,46572630.0
706,2010,Group Stage,Italy,New Zealand,1.0,1.0,4.0,79.0,0,2080545998468.232,59844380.0,139478800831.91745,4415830.0
721,2010,Round of 16,Uruguay,South Korea,2.0,1.0,21.0,49.0,1,54642867848.48382,3328710.0,1562822799633.4436,49554000.0
705,2010,Group Stage,Slovakia,Paraguay,0.0,2.0,36.0,29.0,-1,118344316035.96992,5393700.0,45961697331.08607,6438090.0
691,2010,Group Stage,Serbia,Ghana,0.0,1.0,19.0,27.0,-1,88047936947.55667,7359680.0,75296611697.63696,25558590.0
703,2010,Group Stage,Italy,Paraguay,1.0,1.0,4.0,29.0,0,2080545998468.232,59844380.0,45961697331.08607,6438090.0
673,2010,Group Stage,South Africa,Mexico,1.0,1.0,81.0,17.0,0,607601594273.9971,53681670.0,1638271518089.6377,111467530.0
674,2010,Group Stage,Uruguay,France,0.0,0.0,21.0,7.0,0,54642867848.48382,3328710.0,2342490467618.7437,64912800.0
675,2010,Group Stage,South Africa,Uruguay,0.0,3.0,81.0,21.0,-1,607601594273.9971,53681670.0,54642867848.48382,3328710.0
676,2010,Group Stage,France,Mexico,0.0,2.0,7.0,17.0,-1,2342490467618.7437,64912800.0,1638271518089.6377,111467530.0
677,2010,Group Stage,Mexico,Uruguay,0.0,1.0,17.0,21.0,-1,1638271518089.6377,111467530.0,54642867848.48382,3328710.0
678,2010,Group Stage,France,South Africa,1.0,2.0,7.0,81.0,-1,2342490467618.7437,64912800.0,607601594273.9971,53681670.0
679,2010,Group Stage,South Korea,Greece,2.0,0.0,49.0,12.0,1,1562822799633.4436,49554000.0,290984364733.1848,10973310.0
680,2010,Group Stage,Argentina,Nigeria,1.0,0.0,8.0,15.0,1,785785132297.98,41400710.0,809999407335.096,165142010.0
681,2010,Group Stage,Argentina,South Korea,4.0,1.0,8.0,49.0,1,785785132297.98,41400710.0,1562822799633.4436,49554000.0
682,2010,Group Stage,Greece,Nigeria,2.0,1.0,12.0,15.0,1,290984364733.1848,10973310.0,809999407335.096,165142010.0
683,2010,Group Stage,Nigeria,South Korea,2.0,2.0,15.0,49.0,0,809999407335.096,165142010.0,1562822799633.4436,49554000.0
684,2010,Group Stage,Greece,Argentina,0.0,2.0,12.0,8.0,-1,290984364733.1848,10973310.0,785785132297.98,41400710.0
685,2010,Group Stage,England,United States,1.0,1.0,9.0,14.0,0,2190919846036.3564,63039940.0,15239587282908.611,309327000.0
686,2010,Group Stage,Algeria,Slovenia,0.0,1.0,31.0,33.0,-1,450705819326.55347,35805130.0,53649779653.977806,2063380.0
704,2010,Group Stage,New Zealand,Slovakia,1.0,1.0,79.0,36.0,0,139478800831.91745,4415830.0,118344316035.96992,5393700.0
688,2010,Group Stage,England,Algeria,0.0,0.0,9.0,31.0,0,2190919846036.3564,63039940.0,450705819326.55347,35805130.0
702,2010,Group Stage,Cameroon,Netherlands,1.0,2.0,20.0,3.0,-1,50826589450.47208,21001570.0,728193226189.9569,16620730.0
701,2010,Group Stage,Denmark,Japan,1.0,3.0,26.0,40.0,-1,238190227332.1596,5548030.0,4480295741206.953,127966760.0
700,2010,Group Stage,Cameroon,Denmark,1.0,2.0,20.0,26.0,-1,50826589450.47208,21001570.0,238190227332.1596,5548030.0
699,2010,Group Stage,Netherlands,Japan,1.0,0.0,3.0,40.0,1,728193226189.9569,16620730.0,4480295741206.953,127966760.0
687,2010,Group Stage,Slovenia,United States,2.0,2.0,33.0,14.0,0,53649779653.977806,2063380.0,15239587282908.611,309327000.0
697,2010,Group Stage,Netherlands,Denmark,2.0,0.0,3.0,26.0,1,728193226189.9569,16620730.0,238190227332.1596,5548030.0
698,2010,Group Stage,Japan,Cameroon,1.0,0.0,40.0,20.0,1,4480295741206.953,127966760.0,50826589450.47208,21001570.0
695,2010,Group Stage,Ghana,Germany,0.0,1.0,27.0,6.0,-1,75296611697.63696,25558590.0,3301123263613.155,80300580.0
694,2010,Group Stage,Ghana,Australia,1.0,1.0,27.0,23.0,0,75296611697.63696,25558590.0,993854020411.889,21890950.0
693,2010,Group Stage,Germany,Serbia,0.0,1.0,6.0,19.0,-1,3301123263613.155,80300580.0,88047936947.55667,7359680.0
692,2010,Group Stage,Germany,Australia,4.0,0.0,6.0,23.0,1,3301123263613.155,80300580.0,993854020411.889,21890950.0
690,2010,Group Stage,United States,Algeria,1.0,0.0,14.0,31.0,1,15239587282908.611,309327000.0,450705819326.55347,35805130.0
689,2010,Group Stage,Slovenia,England,0.0,1.0,33.0,9.0,-1,53649779653.977806,2063380.0,2190919846036.3564,63039940.0
696,2010,Group Stage,Australia,Serbia,2.0,1.0,23.0,19.0,1,993854020411.889,21890950.0,88047936947.55667,7359680.0
783,2014,Group Stage,South Korea,Belgium,0.0,1.0,53.0,11.0,-1,1754480517661.2097,50747000.0,432717685642.7506,11210470.0
782,2014,Group Stage,South Korea,Algeria,2.0,4.0,53.0,27.0,-1,1754480517661.2097,50747000.0,531843512017.07367,38650340.0
781,2014,Group Stage,Belgium,Russia,1.0,0.0,11.0,22.0,1,432717685642.7506,11210470.0,3525987773128.5776,146094160.0
780,2014,Group Stage,Russia,South Korea,1.0,1.0,22.0,53.0,0,3525987773128.5776,146094160.0,1754480517661.2097,50747000.0
779,2014,Group Stage,Belgium,Algeria,2.0,1.0,11.0,27.0,1,432717685642.7506,11210470.0,531843512017.07367,38650340.0
772,2014,Group Stage,Bosnia and Herzegovina,Iran,3.0,1.0,19.0,34.0,1,36619949603.08906,3968000.0,1352736951851.0496,77521020.0
777,2014,Group Stage,United States,Germany,0.0,1.0,14.0,2.0,-1,16491318406281.133,318386000.0,3574741339921.3643,80999730.0
776,2014,Group Stage,United States,Portugal,2.0,2.0,14.0,5.0,0,16491318406281.133,318386000.0,252388902877.86563,10325870.0
775,2014,Group Stage,Germany,Ghana,2.0,2.0,2.0,24.0,0,3574741339921.3643,80999730.0,103048818596.0281,28405020.0
774,2014,Group Stage,Ghana,United States,1.0,2.0,24.0,14.0,-1,103048818596.0281,28405020.0,16491318406281.133,318386000.0
773,2014,Group Stage,Germany,Portugal,4.0,0.0,2.0,5.0,1,3574741339921.3643,80999730.0,252388902877.86563,10325870.0
784,2014,Group Stage,Algeria,Russia,1.0,1.0,27.0,22.0,0,531843512017.07367,38650340.0,3525987773128.5776,146094160.0
778,2014,Group Stage,Portugal,Ghana,2.0,1.0,5.0,24.0,1,252388902877.86563,10325870.0,103048818596.0281,28405020.0
785,2014,Round of 16,Brazil,Chile,1.0,1.0,10.0,15.0,0,3132099986779.144,205358160.0,378114272869.3587,17720430.0
793,2014,Quarterfinals,France,Germany,0.0,1.0,20.0,2.0,-1,2437822876291.713,66211830.0,3574741339921.3643,80999730.0
787,2014,Round of 16,Netherlands,Mexico,2.0,1.0,9.0,21.0,1,746458860288.2765,16870820.0,1854551116748.4287,116756830.0
788,2014,Round of 16,Costa Rica,Greece,1.0,1.0,32.0,12.0,0,63133051124.25069,4767640.0,242799799043.91245,10747350.0
789,2014,Round of 16,France,Nigeria,2.0,0.0,20.0,41.0,1,2437822876291.713,66211830.0,1017790734411.2196,183361700.0
790,2014,Round of 16,Germany,Algeria,2.0,1.0,2.0,27.0,1,3574741339921.3643,80999730.0,531843512017.07367,38650340.0
791,2014,Round of 16,Argentina,Switzerland,1.0,0.0,3.0,8.0,1,827750806899.9993,43310000.0,492386658625.2613,8237260.0
792,2014,Round of 16,Belgium,United States,2.0,1.0,11.0,14.0,1,432717685642.7506,11210470.0,16491318406281.133,318386000.0
794,2014,Quarterfinals,Brazil,Colombia,2.0,1.0,10.0,4.0,1,3132099986779.144,205358160.0,595158020061.1633,45846400.0
795,2014,Quarterfinals,Argentina,Belgium,1.0,0.0,3.0,11.0,1,827750806899.9993,43310000.0,432717685642.7506,11210470.0
796,2014,Quarterfinals,Netherlands,Costa Rica,0.0,0.0,9.0,32.0,0,746458860288.2765,16870820.0,63133051124.25069,4767640.0
797,2014,Semifinals,Brazil,Germany,1.0,7.0,10.0,2.0,-1,3132099986779.144,205358160.0,3574741339921.3643,80999730.0
798,2014,Semifinals,Netherlands,Argentina,0.0,0.0,9.0,3.0,0,746458860288.2765,16870820.0,827750806899.9993,43310000.0
799,2014,Third Place Match,Brazil,Netherlands,0.0,3.0,10.0,9.0,-1,3132099986779.144,205358160.0,746458860288.2765,16870820.0
800,2014,Final,Germany,Argentina,1.0,0.0,2.0,3.0,1,3574741339921.3643,80999730.0,827750806899.9993,43310000.0
771,2014,Group Stage,Nigeria,Argentina,2.0,3.0,41.0,3.0,-1,1017790734411.2196,183361700.0,827750806899.9993,43310000.0
786,2014,Round of 16,Colombia,Uruguay,2.0,0.0,4.0,6.0,1,595158020061.1633,45846400.0,64232521880.99672,3362200.0
770,2014,Group Stage,Nigeria,Bosnia and Herzegovina,1.0,0.0,41.0,19.0,1,1017790734411.2196,183361700.0,36619949603.08906,3968000.0
769,2014,Group Stage,Argentina,Iran,1.0,0.0,3.0,34.0,1,827750806899.9993,43310000.0,1352736951851.0496,77521020.0
737,2014,Group Stage,Brazil,Croatia,3.0,1.0,10.0,16.0,1,3132099986779.144,205358160.0,79720250778.59018,4108529.999999999
768,2014,Group Stage,Iran,Nigeria,0.0,0.0,34.0,41.0,0,1352736951851.0496,77521020.0,1017790734411.2196,183361700.0
738,2014,Group Stage,Mexico,Cameroon,1.0,0.0,21.0,50.0,1,1854551116748.4287,116756830.0,62482613404.34933,23512660.0
739,2014,Group Stage,Brazil,Mexico,0.0,0.0,10.0,21.0,0,3132099986779.144,205358160.0,1854551116748.4287,116756830.0
740,2014,Group Stage,Cameroon,Croatia,0.0,4.0,50.0,16.0,-1,62482613404.34933,23512660.0,79720250778.59018,4108529.999999999
741,2014,Group Stage,Cameroon,Brazil,1.0,4.0,50.0,10.0,-1,62482613404.34933,23512660.0,3132099986779.144,205358160.0
742,2014,Group Stage,Croatia,Mexico,1.0,3.0,16.0,21.0,-1,79720250778.59018,4108529.999999999,1854551116748.4287,116756830.0
743,2014,Group Stage,Spain,Netherlands,1.0,5.0,1.0,9.0,-1,1433089429473.7737,46465240.0,746458860288.2765,16870820.0
744,2014,Group Stage,Chile,Australia,3.0,1.0,15.0,56.0,1,378114272869.3587,17720430.0,1113888060122.7864,23325620.0
746,2014,Group Stage,Spain,Chile,0.0,2.0,1.0,15.0,-1,1433089429473.7737,46465240.0,378114272869.3587,17720430.0
747,2014,Group Stage,Australia,Spain,0.0,3.0,56.0,1.0,-1,1113888060122.7864,23325620.0,1433089429473.7737,46465240.0
748,2014,Group Stage,Netherlands,Chile,2.0,0.0,9.0,15.0,1,746458860288.2765,16870820.0,378114272869.3587,17720430.0
749,2014,Group Stage,Colombia,Greece,3.0,0.0,4.0,12.0,1,595158020061.1633,45846400.0,242799799043.91245,10747350.0
750,2014,Group Stage,Ivory Coast,Japan,2.0,1.0,17.0,48.0,1,75191536504.3193,25104430.0,4634693617154.654,127186230.0
751,2014,Group Stage,Colombia,Ivory Coast,2.0,1.0,4.0,17.0,1,595158020061.1633,45846400.0,75191536504.3193,25104430.0
752,2014,Group Stage,Japan,Greece,0.0,0.0,48.0,12.0,0,4634693617154.654,127186230.0,242799799043.91245,10747350.0
745,2014,Group Stage,Australia,Netherlands,2.0,3.0,56.0,9.0,-1,1113888060122.7864,23325620.0,746458860288.2765,16870820.0
754,2014,Group Stage,Greece,Ivory Coast,2.0,1.0,12.0,17.0,1,242799799043.91245,10747350.0,75191536504.3193,25104430.0
753,2014,Group Stage,Japan,Colombia,1.0,4.0,48.0,4.0,-1,4634693617154.654,127186230.0,595158020061.1633,45846400.0
766,2014,Group Stage,Ecuador,France,0.0,0.0,23.0,20.0,0,172367772568.40112,15646810.0,2437822876291.713,66211830.0
765,2014,Group Stage,Honduras,Switzerland,0.0,3.0,43.0,8.0,-1,39484543560.0,8546438.0,492386658625.2613,8237260.0
764,2014,Group Stage,Honduras,Ecuador,1.0,2.0,43.0,23.0,-1,39484543560.0,8546438.0,172367772568.40112,15646810.0
763,2014,Group Stage,Switzerland,France,2.0,5.0,8.0,20.0,-1,492386658625.2613,8237260.0,2437822876291.713,66211830.0
762,2014,Group Stage,France,Honduras,3.0,0.0,20.0,43.0,1,2437822876291.713,66211830.0,39484543560.0,8546438.0
761,2014,Group Stage,Switzerland,Ecuador,2.0,1.0,8.0,23.0,1,492386658625.2613,8237260.0,172367772568.40112,15646810.0
767,2014,Group Stage,Argentina,Bosnia and Herzegovina,2.0,1.0,3.0,19.0,1,827750806899.9993,43310000.0,36619949603.08906,3968000.0
759,2014,Group Stage,Italy,Uruguay,0.0,1.0,7.0,6.0,-1,2010164141562.7695,60345890.0,64232521880.99672,3362200.0
758,2014,Group Stage,Italy,Costa Rica,0.0,1.0,7.0,32.0,-1,2010164141562.7695,60345890.0,63133051124.25069,4767640.0
757,2014,Group Stage,Uruguay,England,2.0,1.0,6.0,13.0,1,64232521880.99672,3362200.0,2369725709507.4795,64885130.0
756,2014,Group Stage,England,Italy,1.0,2.0,13.0,7.0,-1,2369725709507.4795,64885130.0,2010164141562.7695,60345890.0
755,2014,Group Stage,Uruguay,Costa Rica,1.0,3.0,6.0,32.0,-1,64232521880.99672,3362200.0,63133051124.25069,4767640.0
760,2014,Group Stage,Costa Rica,England,0.0,0.0,32.0,13.0,0,63133051124.25069,4767640.0,2369725709507.4795,64885130.0
864,2018,Final,France,Croatia,4.0,2.0,9.0,15.0,1,2596599171556.063,67347110.0,89979863674.58603,3967710.0
847,2018,Group Stage,Japan,Poland,0.0,1.0,56.0,7.0,-1,4852985248183.114,126367710.0,1073462057861.5295,38501790.0
846,2018,Group Stage,Poland,Colombia,0.0,3.0,7.0,13.0,-1,1073462057861.5295,38501790.0,650303233253.3203,48221680.0
845,2018,Group Stage,Japan,Senegal,2.0,2.0,56.0,24.0,0,4852985248183.114,126367710.0,44097043288.68218,17534960.0
844,2018,Group Stage,Poland,Senegal,1.0,2.0,7.0,24.0,-1,1073462057861.5295,38501790.0,44097043288.68218,17534960.0
843,2018,Group Stage,Colombia,Japan,1.0,2.0,13.0,56.0,-1,650303233253.3203,48221680.0,4852985248183.114,126367710.0
842,2018,Group Stage,Panama,Tunisia,1.0,2.0,53.0,23.0,-1,86820963063.7576,3800644.0,130568634288.26404,11477260.0
839,2018,Group Stage,Belgium,Tunisia,5.0,2.0,5.0,23.0,1,462533275980.86926,11428500.0,130568634288.26404,11477260.0
840,2018,Group Stage,England,Panama,6.0,1.0,16.0,53.0,1,2582848318201.205,66732330.0,86820963063.7576,3800644.0
838,2018,Group Stage,Tunisia,England,1.0,2.0,23.0,16.0,-1,130568634288.26404,11477260.0,2582848318201.205,66732330.0
837,2018,Group Stage,Belgium,Panama,3.0,0.0,5.0,53.0,1,462533275980.86926,11428500.0,86820963063.7576,3800644.0
836,2018,Group Stage,Mexico,Sweden,0.0,3.0,17.0,18.0,-1,2051538973480.445,120288770.0,457925386266.0605,10175330.0
835,2018,Group Stage,South Korea,Germany,2.0,0.0,59.0,1.0,1,1971285976027.965,51585000.0,3845758410751.439,82923130.0
841,2018,Group Stage,England,Belgium,0.0,1.0,16.0,5.0,-1,2582848318201.205,66732330.0,462533275980.86926,11428500.0
848,2018,Group Stage,Senegal,Colombia,0.0,1.0,24.0,13.0,-1,44097043288.68218,17534960.0,650303233253.3203,48221680.0
834,2018,Group Stage,Germany,Sweden,2.0,1.0,1.0,18.0,1,3845758410751.439,82923130.0,457925386266.0605,10175330.0
850,2018,Round of 16,Uruguay,Portugal,2.0,1.0,22.0,3.0,1,66946185863.90462,3398670.0,279020287500.21234,10209420.0
851,2018,Round of 16,Spain,Russia,1.0,1.0,6.0,62.0,0,1615001576711.4778,46738990.0,3625347493878.966,146834160.0
852,2018,Round of 16,Croatia,Denmark,1.0,1.0,15.0,12.0,0,89979863674.58603,3967710.0,276526490053.95123,5795080.0
853,2018,Round of 16,Brazil,Mexico,2.0,0.0,2.0,17.0,1,3013541094568.7617,212257830.0,2051538973480.445,120288770.0
854,2018,Round of 16,Belgium,Japan,3.0,2.0,5.0,56.0,1,462533275980.86926,11428500.0,4852985248183.114,126367710.0
855,2018,Round of 16,Sweden,Switzerland,1.0,0.0,18.0,8.0,1,457925386266.0605,10175330.0,532611156718.5229,8564880.0
856,2018,Round of 16,Colombia,England,1.0,1.0,13.0,16.0,0,650303233253.3203,48221680.0,2582848318201.205,66732330.0
857,2018,Quarterfinals,Uruguay,France,0.0,2.0,22.0,9.0,-1,66946185863.90462,3398670.0,2596599171556.063,67347110.0
858,2018,Quarterfinals,Brazil,Belgium,1.0,2.0,2.0,5.0,-1,3013541094568.7617,212257830.0,462533275980.86926,11428500.0
859,2018,Quarterfinals,Sweden,England,0.0,2.0,18.0,16.0,-1,457925386266.0605,10175330.0,2582848318201.205,66732330.0
860,2018,Quarterfinals,Russia,Croatia,2.0,2.0,62.0,15.0,0,3625347493878.966,146834160.0,89979863674.58603,3967710.0
861,2018,Semifinals,France,Belgium,1.0,0.0,9.0,5.0,1,2596599171556.063,67347110.0,462533275980.86926,11428500.0
862,2018,Semifinals,Croatia,England,2.0,1.0,15.0,16.0,1,89979863674.58603,3967710.0,2582848318201.205,66732330.0
863,2018,Third Place Match,Belgium,England,2.0,0.0,5.0,16.0,1,462533275980.86926,11428500.0,2582848318201.205,66732330.0
849,2018,Round of 16,France,Argentina,4.0,3.0,9.0,4.0,1,2596599171556.063,67347110.0,833736965904.4741,45162390.0
833,2018,Group Stage,South Korea,Mexico,1.0,2.0,59.0,17.0,-1,1971285976027.965,51585000.0,2051538973480.445,120288770.0
817,2018,Group Stage,Denmark,France,0.0,0.0,12.0,9.0,0,276526490053.95123,5795080.0,2596599171556.063,67347110.0
831,2018,Group Stage,Germany,Mexico,0.0,1.0,1.0,17.0,-1,3845758410751.439,82923130.0,2051538973480.445,120288770.0
832,2018,Group Stage,Sweden,South Korea,1.0,0.0,18.0,59.0,1,457925386266.0605,10175330.0,1971285976027.965,51585000.0
801,2018,Group Stage,Russia,Saudi Arabia,5.0,0.0,62.0,65.0,1,3625347493878.966,146834160.0,1673253854888.2966,32869170.0
802,2018,Group Stage,Egypt,Uruguay,0.0,1.0,30.0,22.0,-1,1220661817890.8845,102617050.0,66946185863.90462,3398670.0
803,2018,Group Stage,Russia,Egypt,3.0,1.0,62.0,30.0,1,3625347493878.966,146834160.0,1220661817890.8845,102617050.0
804,2018,Group Stage,Uruguay,Saudi Arabia,1.0,0.0,22.0,65.0,1,66946185863.90462,3398670.0,1673253854888.2966,32869170.0
805,2018,Group Stage,Uruguay,Russia,3.0,0.0,22.0,62.0,1,66946185863.90462,3398670.0,3625347493878.966,146834160.0
806,2018,Group Stage,Saudi Arabia,Egypt,2.0,1.0,65.0,30.0,1,1673253854888.2966,32869170.0,1220661817890.8845,102617050.0
807,2018,Group Stage,Morocco,Iran,0.0,1.0,39.0,34.0,-1,298981408343.42017,35652660.0,1483607127790.9048,81721030.0
809,2018,Group Stage,Portugal,Morocco,1.0,0.0,3.0,39.0,1,279020287500.21234,10209420.0,298981408343.42017,35652660.0
810,2018,Group Stage,Iran,Spain,0.0,1.0,34.0,6.0,-1,1483607127790.9048,81721030.0,1615001576711.4778,46738990.0
811,2018,Group Stage,Iran,Portugal,1.0,1.0,34.0,3.0,0,1483607127790.9048,81721030.0,279020287500.21234,10209420.0
812,2018,Group Stage,Spain,Morocco,2.0,2.0,6.0,39.0,0,1615001576711.4778,46738990.0,298981408343.42017,35652660.0
813,2018,Group Stage,France,Australia,2.0,1.0,9.0,36.0,1,2596599171556.063,67347110.0,1231576910801.4014,24822980.0
814,2018,Group Stage,Peru,Denmark,0.0,1.0,11.0,12.0,-1,322060992089.8436,25403390.0,276526490053.95123,5795080.0
808,2018,Group Stage,Portugal,Spain,3.0,3.0,3.0,6.0,0,279020287500.21234,10209420.0,1615001576711.4778,46738990.0
816,2018,Group Stage,France,Peru,1.0,0.0,9.0,11.0,1,2596599171556.063,67347110.0,322060992089.8436,25403390.0
815,2018,Group Stage,Denmark,Australia,1.0,1.0,12.0,36.0,0,276526490053.95123,5795080.0,1231576910801.4014,24822980.0
829,2018,Group Stage,Serbia,Brazil,0.0,2.0,37.0,2.0,-1,102758117518.59636,7047950.0,3013541094568.7617,212257830.0
828,2018,Group Stage,Serbia,Switzerland,1.0,2.0,37.0,8.0,-1,102758117518.59636,7047950.0,532611156718.5229,8564880.0
827,2018,Group Stage,Brazil,Costa Rica,2.0,0.0,2.0,27.0,1,3013541094568.7617,212257830.0,72883053805.467,4997760.0
826,2018,Group Stage,Brazil,Switzerland,1.0,1.0,2.0,8.0,0,3013541094568.7617,212257830.0,532611156718.5229,8564880.0
824,2018,Group Stage,Iceland,Croatia,1.0,2.0,20.0,15.0,-1,15275006754.511724,352600.0,89979863674.58603,3967710.0
825,2018,Group Stage,Costa Rica,Serbia,0.0,1.0,27.0,37.0,-1,72883053805.467,4997760.0,102758117518.59636,7047950.0
830,2018,Group Stage,Switzerland,Costa Rica,2.0,2.0,8.0,27.0,0,532611156718.5229,8564880.0,72883053805.467,4997760.0
822,2018,Group Stage,Nigeria,Iceland,2.0,0.0,51.0,20.0,1,1056103649524.8844,202498100.0,15275006754.511724,352600.0
821,2018,Group Stage,Argentina,Croatia,0.0,3.0,4.0,15.0,-1,833736965904.4741,45162390.0,89979863674.58603,3967710.0
820,2018,Group Stage,Croatia,Nigeria,2.0,0.0,15.0,51.0,1,89979863674.58603,3967710.0,1056103649524.8844,202498100.0
819,2018,Group Stage,Argentina,Iceland,1.0,1.0,4.0,20.0,0,833736965904.4741,45162390.0,15275006754.511724,352600.0
818,2018,Group Stage,Australia,Peru,0.0,2.0,36.0,11.0,-1,1231576910801.4014,24822980.0,322060992089.8436,25403390.0
823,2018,Group Stage,Nigeria,Argentina,1.0,2.0,51.0,4.0,-1,1056103649524.8844,202498100.0,833736965904.4741,45162390.0
906,2022,Group Stage,Cameroon,Brazil,1.0,0.0,38.0,2.0,1,82727792768.00845,29417310.0,3187412924480.4,217718330.0
909,2022,Group Stage,South Korea,Ghana,2.0,3.0,29.0,61.0,-1,2137558553222.3967,51730690.0,145431874100.13666,34280480.0
908,2022,Group Stage,Portugal,Ghana,3.0,2.0,8.0,61.0,1,295712906247.9253,10199790.0,145431874100.13666,34280480.0
907,2022,Group Stage,Uruguay,South Korea,0.0,0.0,16.0,29.0,0,69066230275.71231,3422180.0,2137558553222.3967,51730690.0
905,2022,Group Stage,Serbia,Switzerland,2.0,3.0,25.0,14.0,-1,116834642734.09547,6833360.0,559384950600.6194,8833800.0
898,2022,Group Stage,Croatia,Canada,4.0,1.0,15.0,33.0,1,102284645211.60168,3790180.0,1761295673204.3308,38684590.0
903,2022,Group Stage,Cameroon,Serbia,3.0,3.0,38.0,25.0,0,82727792768.00845,29417310.0,116834642734.09547,6833360.0
902,2022,Group Stage,Brazil,Serbia,2.0,0.0,2.0,25.0,1,3187412924480.4,217718330.0,116834642734.09547,6833360.0
901,2022,Group Stage,Switzerland,Cameroon,1.0,0.0,14.0,38.0,1,559384950600.6194,8833800.0,82727792768.00845,29417310.0
900,2022,Group Stage,Canada,Morocco,1.0,2.0,33.0,24.0,-1,1761295673204.3308,38684590.0,311654958776.45703,37101220.0
899,2022,Group Stage,Croatia,Belgium,0.0,0.0,15.0,1.0,0,102284645211.60168,3790180.0,489678373070.92993,11694540.0
910,2022,Group Stage,Portugal,Uruguay,2.0,0.0,8.0,16.0,1,295712906247.9253,10199790.0,69066230275.71231,3422180.0
904,2022,Group Stage,Brazil,Switzerland,1.0,0.0,2.0,14.0,1,3187412924480.4,217718330.0,559384950600.6194,8833800.0
911,2022,Group Stage,Ghana,Uruguay,0.0,2.0,61.0,16.0,-1,145431874100.13666,34280480.0,69066230275.71231,3422180.0
926,2022,Semifinals,France,Morocco,2.0,0.0,3.0,24.0,1,2671568710989.8057,68386540.0,311654958776.45703,37101220.0
913,2022,Round of 16,Netherlands,United States,3.0,1.0,10.0,13.0,1,879609165926.3611,17709110.0,19493170521845.992,333288000.0
914,2022,Round of 16,Argentina,Australia,2.0,1.0,4.0,37.0,1,854914338932.7571,46736250.0,1344251428041.2737,25826440.0
915,2022,Round of 16,France,Poland,3.0,1.0,3.0,28.0,1,2671568710989.8057,68386540.0,1231021305810.7332,37914440.0
916,2022,Round of 16,England,Senegal,3.0,0.0,5.0,18.0,1,2615230574470.2173,68093380.0,51913997905.6308,19511540.0
917,2022,Round of 16,Japan,Croatia,1.0,1.0,23.0,15.0,0,4774494775637.311,124762110.0,102284645211.60168,3790180.0
918,2022,Round of 16,Brazil,South Korea,4.0,1.0,2.0,29.0,1,3187412924480.4,217718330.0,2137558553222.3967,51730690.0
919,2022,Round of 16,Morocco,Spain,0.0,0.0,24.0,7.0,0,311654958776.45703,37101220.0,1625139941395.9617,47625400.0
920,2022,Round of 16,Portugal,Switzerland,6.0,1.0,8.0,14.0,1,295712906247.9253,10199790.0,559384950600.6194,8833800.0
921,2022,Quarterfinals,Croatia,Brazil,1.0,1.0,15.0,2.0,0,102284645211.60168,3790180.0,3187412924480.4,217718330.0
922,2022,Quarterfinals,Netherlands,Argentina,2.0,2.0,10.0,4.0,0,879609165926.3611,17709110.0,854914338932.7571,46736250.0
923,2022,Quarterfinals,Morocco,Portugal,1.0,0.0,24.0,8.0,1,311654958776.45703,37101220.0,295712906247.9253,10199790.0
924,2022,Quarterfinals,England,France,1.0,2.0,5.0,3.0,-1,2615230574470.2173,68093380.0,2671568710989.8057,68386540.0
925,2022,Semifinals,Argentina,Croatia,3.0,0.0,4.0,15.0,1,854914338932.7571,46736250.0,102284645211.60168,3790180.0
897,2022,Group Stage,Belgium,Morocco,0.0,2.0,1.0,24.0,-1,489678373070.92993,11694540.0,311654958776.45703,37101220.0
912,2022,Group Stage,South Korea,Portugal,2.0,1.0,29.0,8.0,1,2137558553222.3967,51730690.0,295712906247.9253,10199790.0
896,2022,Group Stage,Belgium,Canada,1.0,0.0,1.0,33.0,1,489678373070.92993,11694540.0,1761295673204.3308,38684590.0
881,2022,Group Stage,Poland,Argentina,0.0,2.0,28.0,4.0,-1,1231021305810.7332,37914440.0,854914338932.7571,46736250.0
894,2022,Group Stage,Costa Rica,Germany,2.0,4.0,42.0,11.0,-1,80345900708.77963,5184670.0,3909612549141.962,83811310.0
927,2022,Third Place Match,Croatia,Morocco,2.0,1.0,15.0,24.0,1,102284645211.60168,3790180.0,311654958776.45703,37101220.0
865,2022,Group Stage,Qatar,Ecuador,0.0,2.0,52.0,44.0,-1,381778085953.8213,2559330.0,175028882756.59064,17288380.0
866,2022,Group Stage,Senegal,Netherlands,0.0,2.0,18.0,10.0,-1,51913997905.6308,19511540.0,879609165926.3611,17709110.0
867,2022,Group Stage,Qatar,Senegal,1.0,3.0,52.0,18.0,-1,381778085953.8213,2559330.0,51913997905.6308,19511540.0
868,2022,Group Stage,Netherlands,Ecuador,1.0,1.0,10.0,44.0,0,879609165926.3611,17709110.0,175028882756.59064,17288380.0
869,2022,Group Stage,Ecuador,Senegal,1.0,2.0,44.0,18.0,-1,175028882756.59064,17288380.0,51913997905.6308,19511540.0
870,2022,Group Stage,Netherlands,Qatar,2.0,0.0,10.0,52.0,1,879609165926.3611,17709110.0,381778085953.8213,2559330.0
871,2022,Group Stage,England,Iran,6.0,2.0,5.0,21.0,1,2615230574470.2173,68093380.0,1572208979682.693,85108180.0
872,2022,Group Stage,United States,Wales,1.0,1.0,13.0,20.0,0,19493170521845.992,333288000.0,2615230574470.2173,68093380.0
873,2022,Group Stage,Wales,Iran,0.0,2.0,20.0,21.0,-1,2615230574470.2173,68093380.0,1572208979682.693,85108180.0
874,2022,Group Stage,England,United States,0.0,0.0,5.0,13.0,0,2615230574470.2173,68093380.0,19493170521845.992,333288000.0
875,2022,Group Stage,Wales,England,0.0,3.0,20.0,5.0,-1,2615230574470.2173,68093380.0,2615230574470.2173,68093380.0
876,2022,Group Stage,Iran,United States,0.0,1.0,21.0,13.0,-1,1572208979682.693,85108180.0,19493170521845.992,333288000.0
877,2022,Group Stage,Argentina,Saudi Arabia,1.0,2.0,4.0,53.0,-1,854914338932.7571,46736250.0,1823886229450.616,34080560.0
878,2022,Group Stage,Mexico,Poland,0.0,0.0,12.0,28.0,0,2033437697997.7805,125246730.0,1231021305810.7332,37914440.0
879,2022,Group Stage,Poland,Saudi Arabia,2.0,0.0,28.0,53.0,1,1231021305810.7332,37914440.0,1823886229450.616,34080560.0
880,2022,Group Stage,Argentina,Mexico,2.0,0.0,4.0,12.0,1,854914338932.7571,46736250.0,2033437697997.7805,125246730.0
882,2022,Group Stage,Saudi Arabia,Mexico,1.0,2.0,53.0,12.0,-1,1823886229450.616,34080560.0,2033437697997.7805,125246730.0
883,2022,Group Stage,Denmark,Tunisia,0.0,0.0,9.0,36.0,0,299429008062.18555,5907100.0,129457961560.89432,11861810.0
884,2022,Group Stage,France,Australia,4.0,1.0,3.0,37.0,1,2671568710989.8057,68386540.0,1344251428041.2737,25826440.0
885,2022,Group Stage,Tunisia,Australia,0.0,1.0,36.0,37.0,-1,129457961560.89432,11861810.0,1344251428041.2737,25826440.0
886,2022,Group Stage,France,Denmark,2.0,1.0,3.0,9.0,1,2671568710989.8057,68386540.0,299429008062.18555,5907100.0
887,2022,Group Stage,Australia,Denmark,1.0,0.0,37.0,9.0,1,1344251428041.2737,25826440.0,299429008062.18555,5907100.0
888,2022,Group Stage,Tunisia,France,1.0,0.0,36.0,3.0,1,129457961560.89432,11861810.0,2671568710989.8057,68386540.0
889,2022,Group Stage,Germany,Japan,1.0,2.0,11.0,23.0,-1,3909612549141.962,83811310.0,4774494775637.311,124762110.0
890,2022,Group Stage,Spain,Costa Rica,7.0,0.0,7.0,42.0,1,1625139941395.9617,47625400.0,80345900708.77963,5184670.0
891,2022,Group Stage,Japan,Costa Rica,0.0,1.0,23.0,42.0,-1,4774494775637.311,124762110.0,80345900708.77963,5184670.0
892,2022,Group Stage,Spain,Germany,1.0,1.0,7.0,11.0,0,1625139941395.9617,47625400.0,3909612549141.962,83811310.0
893,2022,Group Stage,Japan,Spain,2.0,1.0,23.0,7.0,1,4774494775637.311,124762110.0,1625139941395.9617,47625400.0
895,2022,Group Stage,Morocco,Croatia,0.0,0.0,24.0,15.0,0,311654958776.45703,37101220.0,102284645211.60168,3790180.0
928,2022,Final,Argentina,France,3.0,3.0,4.0,3.0,0,854914338932.7571,46736250.0,2671568710989.8057,68386540.0
